Sample,Frequency,FrequencyA500,FrequencyB500,MPmass,Mass,Split,MP_D50,Concentration,ConcentrationA500,ConcentrationB500,ConcentrationA500_div_B500,MassConcentration,Depth,LON,LAT,Dist_Marina,Dist_WWTP,Dist_WWTP2,SAMPLE TYPE ,TEXTURAL GROUP ,SEDIMENT NAME ,MoM_ari_MEAN,MoM_ari_SORTING,MoM_ari_SKEWNESS,MoM_ari_KURTOSIS,MoM_geo_MEAN,MoM_geo_SORTING,MoM_geo_SKEWNESS,MoM_geo_KURTOSIS,MoM_log_MEAN,MoM_log_SORTING,MoM_log_SKEWNESS,MoM_log_KURTOSIS,FW_geo_MEAN,FW_geo_SORTING,FW_geo_SKEWNESS,FW_geo_KURTOSIS,FW_log_MEAN,FW_log_SORTING,FW_log_SKEWNESS,FW_log_KURTOSIS,FW_des_MEAN,FW_des_SORTING,FW_des_SKEWNESS,FW_des_KURTOSIS,SED_MODE1,SED_MODE2,SED_MODE3,MODE 1 (f),MODE 2 (f),MODE 3 (f),SED_D10,SED_D50,SED_D90,(D90 div D10) (µm),(D90 - D10) (µm),(D75 div D25) (µm),(D75 - D25) (µm),D10 (f),D50 (f),D90 (f),(D90 div D10) (f),(D90 - D10) (f),(D75 div D25) (f),(D75 - D25) (f),perc_GRAVEL,perc_SAND,perc_MUD,perc V COARSE GRAVEL,perc COARSE GRAVEL,perc MEDIUM GRAVEL,perc FINE GRAVEL,perc V FINE GRAVEL,perc V COARSE SAND,perc COARSE SAND,perc MEDIUM SAND,perc FINE SAND,perc V FINE SAND,perc V COARSE SILT,perc COARSE SILT,perc MEDIUM SILT,perc FINE SILT,perc V FINE SILT,perc_CLAY,OM_D50,TOC,Hg,TIC,regio_sep,PC1,PC2
S01d,503.0,77.0,426.0,9183.343858649048,0.063,0.5887,92.9623579735368,7984.0,1222.0,6762.0,0.18071576456669625,145767.0,2.7,9.55716666666667,54.5075,505,4490.0,4490.0,"Bimodal, Poorly Sorted",Sandy Mud,Very Fine Sandy Medium Silt,30.52,54.19,7.529,88.32,13.89,3.658,-0.108,2.745,6.17,1.871,0.108,2.745,14.26,3.617,0.013,0.85,6.132,1.855,-0.013,0.85,Medium Silt,Poorly Sorted,Symmetrical,Platykurtic,9.83,52.68,,6.67,4.248,,2.681,13.66,73.63,27.46,70.95,6.912,32.76,3.764,6.194,8.543,2.27,4.779,1.593,2.789,0.0,13.7,86.3,0.0,0.0,0.0,0.0,0.0,0.0,0.3,0.4,1.7,11.2,15.9,16.8,19.4,17.5,10.9,5.9,71.3,13.7,359.4,0.8,inner,0.3476645239526227,0.06194541338934851
S02,347.0,61.0,286.0,296.49197350047206,0.25,0.5,91.92388155425118,1388.0,244.0,1144.0,0.21328671328671328,1186.0,3.6,9.59055,54.5077,546,2468.0,2468.0,"Unimodal, Poorly Sorted",Slightly Gravelly Muddy Sand,Slightly Very Fine Gravelly Very Coarse Silty Medium Sand,280.0,197.9,1.545,9.872,181.1,3.497,-1.82,6.033,2.465,1.806,1.82,6.033,215.7,2.944,-0.457,1.981,2.213,1.558,0.457,1.981,Fine Sand,Poorly Sorted,Very Fine Skewed,Very Leptokurtic,282.4,,,1.826,,,28.75,256.7,519.6,18.07,490.8,2.487,227.2,0.945,1.962,5.12,5.421,4.176,1.942,1.315,0.0,86.0,14.0,0.0,0.0,0.0,0.0,0.0,0.5,11.0,40.1,28.1,6.2,3.6,2.5,2.8,2.8,1.8,0.4,32.7,1.402,34.9,0.125,inner,-0.4258932068156478,0.07275754580475961
S02d,537.0,87.0,450.0,343.62996870919824,0.25,0.25,96.93296652842108,2148.0,348.0,1800.0,0.19333333333333333,1375.0,3.6,9.59055,54.5077,546,2468.0,2468.0,"Unimodal, Poorly Sorted",Slightly Gravelly Muddy Sand,Slightly Very Fine Gravelly Medium Silty Medium Sand,294.3,223.2,2.399,15.33,188.9,3.515,-1.793,5.858,2.404,1.814,1.793,5.858,235.6,2.801,-0.425,2.141,2.085,1.486,0.425,2.141,Fine Sand,Poorly Sorted,Very Fine Skewed,Very Leptokurtic,282.4,,,1.826,,,23.9,265.6,528.7,22.12,504.8,2.325,220.4,0.919,1.912,5.387,5.859,4.468,1.888,1.217,0.1,86.4,13.6,0.0,0.0,0.0,0.0,0.1,1.1,10.9,41.9,28.2,4.2,2.6,2.6,3.4,3.1,1.6,0.2,,0.623,18.0103,0.32,inner,-0.44506283721603507,0.09304346320052033
S03,345.0,47.0,298.0,308.52839054589816,0.06,0.5,94.02127418834527,5750.0,783.0,4967.0,0.15764042681699214,5142.0,3.8,9.60065,54.50865,1123,2068.0,2068.0,"Bimodal, Very Poorly Sorted",Sandy Mud,Very Fine Sandy Medium Silt,38.22,72.32,4.163,24.38,14.16,4.028,0.207,2.739,6.142,2.01,-0.207,2.739,14.05,4.005,0.128,0.921,6.153,2.002,-0.128,0.921,Medium Silt,Very Poorly Sorted,Coarse Skewed,Mesokurtic,7.43,257.2,,7.074,1.96,,2.645,12.54,89.65,33.89,87.0,7.35,32.97,3.48,6.318,8.562,2.461,5.083,1.611,2.878,0.0,15.7,84.3,0.0,0.0,0.0,0.0,0.0,0.0,0.4,2.6,3.6,9.1,13.3,15.4,19.0,18.9,12.0,5.8,34.7,13.629,277.2,0.45,inner,0.3014497141958149,0.09144907417185247
S04,321.0,51.0,270.0,122.2035576657828,0.25,0.25,69.93568473962345,1284.0,204.0,1080.0,0.18888888888888888,489.0,2.8,9.62385,54.5192166666667,1014,1497.0,1497.0,"Unimodal, Poorly Sorted",Slightly Gravelly Muddy Sand,Slightly Very Fine Gravelly Fine Silty Fine Sand,311.8,310.7,2.572,11.09,192.2,3.294,-1.496,6.247,2.379,1.72,1.496,6.247,223.5,2.877,-0.173,1.883,2.162,1.525,0.173,1.883,Fine Sand,Poorly Sorted,Fine Skewed,Very Leptokurtic,213.5,,,2.23,,,57.53,223.6,640.9,11.14,583.3,2.637,226.7,0.642,2.161,4.12,6.418,3.478,1.962,1.399,0.2,89.5,10.3,0.0,0.0,0.0,0.0,0.2,4.4,10.3,28.7,35.2,10.8,2.2,2.2,2.0,2.2,1.4,0.3,106.0,0.818,23.5,0.225,inner,-0.4460836200942207,-0.03923741196322338
S04d,254.0,35.0,219.0,1379.9982803828734,0.21,0.25,109.59927007056206,1210.0,167.0,1043.0,0.1601150527325024,6571.0,2.8,9.62385,54.5192166666667,1014,1497.0,1497.0,"Unimodal, Poorly Sorted",Slightly Gravelly Muddy Sand,Slightly Very Fine Gravelly Medium Silty Fine Sand,213.1,205.2,2.953,18.32,120.4,3.836,-1.232,3.975,3.054,1.94,1.232,3.975,120.0,3.713,-0.476,1.641,3.059,1.893,0.476,1.641,Very Fine Sand,Poorly Sorted,Very Fine Skewed,Very Leptokurtic,194.4,,,2.364,,,12.08,175.1,421.0,34.86,408.9,3.11,189.3,1.248,2.514,6.372,5.105,5.124,1.889,1.637,0.0,79.3,20.7,0.0,0.0,0.0,0.0,0.0,1.1,5.3,24.1,35.3,13.5,4.1,4.8,4.9,4.2,2.3,0.4,,1.51,25.7828,0.1,inner,-0.31610048452783757,-0.09454720967350747
S05,12.0,4.0,8.0,23.96411814375802,0.25,1.0,74.59891486066029,48.0,16.0,32.0,0.5,96.0,1.4,9.62658333333333,54.5299,761,1602.0,1602.0,"Unimodal, Moderately Sorted",Slightly Gravelly Sand,Slightly Very Fine Gravelly Medium Sand,333.9,229.9,2.651,15.88,260.5,2.311,-1.997,10.12,1.941,1.208,1.997,10.12,282.7,1.921,-0.178,1.289,1.823,0.942,0.178,1.289,Medium Sand,Moderately Sorted,Fine Skewed,Leptokurtic,310.0,,,1.691,,,121.5,291.5,574.6,4.731,453.2,2.149,224.5,0.799,1.778,3.041,3.805,2.242,1.882,1.104,0.1,94.9,5.0,0.0,0.0,0.0,0.0,0.1,1.5,14.0,45.1,28.9,5.5,2.0,1.0,0.9,0.8,0.4,0.0,56.3,0.1235,8.0,0.335,inner,-0.5233934867760508,0.10193994571350969
S06,403.0,62.0,341.0,446.1400518821409,0.04,0.25,93.91485505499116,10075.0,1550.0,8525.0,0.18181818181818182,11154.0,3.0,9.61715,54.52205,564,974.0,974.0,"Bimodal, Very Poorly Sorted",Slightly Gravelly Sandy Mud,Slightly Very Fine Gravelly Very Fine Sandy Very Coarse Silt,55.65,129.7,6.863,65.34,18.3,4.889,-0.337,3.205,5.772,2.289,0.337,3.205,18.65,4.351,-0.188,0.834,5.745,2.121,0.188,0.834,Coarse Silt,Very Poorly Sorted,Fine Skewed,Platykurtic,57.83,7.43,,4.114,7.074,,2.468,22.76,100.5,40.7,97.99,9.85,52.3,3.315,5.457,8.662,2.613,5.347,1.804,3.3,0.0,22.7,77.3,0.0,0.0,0.0,0.0,0.0,0.4,1.4,1.8,3.0,16.0,20.8,13.0,12.9,13.5,9.9,7.3,,10.403,278.8,0.785,inner,0.2946171268170639,-0.010249382981269099
S07,640.0,159.0,481.0,739.4527324172286,0.081,0.125,101.96077677224709,7901.0,1963.0,5938.0,0.3305826877736612,9129.0,3.2,9.61201666666667,54.5182666666667,1011,1006.0,1006.0,"Bimodal, Very Poorly Sorted",Sandy Mud,Very Fine Sandy Very Coarse Silt,43.47,53.58,2.906,17.82,18.45,4.689,-0.58,2.662,5.76,2.229,0.58,2.662,19.64,4.659,-0.269,0.862,5.67,2.22,0.269,0.862,Coarse Silt,Very Poorly Sorted,Fine Skewed,Platykurtic,63.49,7.43,,3.979,7.074,,2.236,25.01,105.6,47.24,103.4,10.48,57.82,3.243,5.322,8.805,2.715,5.562,1.854,3.389,0.0,25.8,74.2,0.0,0.0,0.0,0.0,0.0,0.0,0.1,0.9,5.6,19.2,19.8,12.6,12.3,12.3,8.6,8.7,86.6,9.973,410.7,0.595,inner,0.2850066602025701,-0.06826498183304061
S08,2909.0,569.0,2340.0,3341532.954879706,0.105,0.5,100.73728207570424,27705.0,5419.0,22286.0,0.24315713901103833,31824123.0,2.0,9.60645,54.5252666666667,643,211.0,211.0,"Unimodal, Poorly Sorted",Sandy Mud,Very Fine Sandy Very Coarse Silt,41.78,64.9,3.879,23.27,18.16,3.899,-0.136,2.598,5.783,1.963,0.136,2.598,18.19,3.903,-0.06,0.892,5.781,1.965,0.06,0.892,Coarse Silt,Poorly Sorted,Symmetrical,Platykurtic,39.82,,,4.652,,,2.982,19.32,98.27,32.95,95.28,7.383,43.15,3.347,5.694,8.389,2.506,5.042,1.667,2.884,0.0,19.3,80.7,0.0,0.0,0.0,0.0,0.0,0.0,0.2,2.0,4.6,12.5,18.3,17.7,16.5,14.0,9.1,5.1,52.2,16.396,304.9,0.92,WWTP,0.30165476957484555,0.027510068490635496
S10,300.0,38.0,262.0,638.0052244154489,0.25,1.0,85.71464106996271,1200.0,152.0,1048.0,0.1450381679389313,2552.0,0.8,9.60355,54.5252666666667,824,27.5,27.5,"Unimodal, Poorly Sorted",Slightly Gravelly Sand,Slightly Very Fine Gravelly Fine Sand,277.8,219.9,2.603,14.41,207.8,2.367,-1.472,8.264,2.267,1.243,1.472,8.264,219.9,2.02,-0.034,1.053,2.185,1.014,0.034,1.053,Fine Sand,Poorly Sorted,Symmetrical,Mesokurtic,213.5,,,2.23,,,89.38,220.7,527.4,5.901,438.0,2.523,211.4,0.923,2.18,3.484,3.775,2.561,1.882,1.335,0.1,95.0,5.0,0.0,0.0,0.0,0.0,0.1,1.4,10.1,31.3,36.7,15.5,1.9,1.0,0.8,0.8,0.5,0.0,73.5,0.3995,5.0,0.21,WWTP,-0.4751466740250474,-0.0931521793649218
S10d,464.0,163.0,301.0,7077.299280447078,0.03,1.0,109.13979240396873,15467.0,5433.0,10033.0,0.5415130070766471,235910.0,0.8,9.60355,54.5252666666667,824,27.5,27.5,"Unimodal, Poorly Sorted",Slightly Gravelly Muddy Sand,Slightly Very Fine Gravelly Very Coarse Silty Medium Sand,269.0,223.7,2.104,10.76,176.7,3.099,-1.567,6.209,2.501,1.632,1.567,6.209,200.9,2.761,-0.282,1.474,2.316,1.465,0.282,1.474,Fine Sand,Poorly Sorted,Fine Skewed,Leptokurtic,257.2,,,1.96,,,52.31,217.0,535.4,10.24,483.1,2.997,238.6,0.901,2.204,4.257,4.723,3.356,2.069,1.583,0.0,88.4,11.6,0.0,0.0,0.0,0.0,0.0,1.3,10.6,30.9,30.7,14.8,4.1,2.0,2.0,2.0,1.3,0.3,27.1,0.1685,16.2791,0.225,WWTP,-0.4051509610191491,-0.04749999809703367
S11,187.0,33.0,154.0,338.5703132608747,0.081,0.5,96.65402216152208,2309.0,407.0,1901.0,0.2140978432403998,4180.0,2.9,9.61441666666667,54.5237666666667,379,750.0,750.0,"Bimodal, Very Poorly Sorted",Sandy Mud,Very Fine Sandy Very Coarse Silt,53.97,91.8,4.056,22.58,21.57,4.327,-0.322,2.826,5.535,2.113,0.322,2.826,21.6,4.229,-0.228,0.935,5.533,2.08,0.228,0.935,Coarse Silt,Very Poorly Sorted,Fine Skewed,Mesokurtic,52.68,7.43,,4.248,7.074,,2.958,28.49,102.7,34.73,99.77,8.142,52.64,3.283,5.133,8.401,2.559,5.118,1.745,3.025,0.0,23.5,76.5,0.0,0.0,0.0,0.0,0.0,0.0,1.1,3.4,2.9,16.2,24.1,14.1,12.2,12.3,8.0,5.8,45.4,10.8215,221.3,0.645,WWTP,0.28875026918371804,-0.011884332642344769
S13,335.0,47.0,288.0,393.9034743845603,0.071,0.25,90.78546139112804,4718.0,662.0,4056.0,0.16321499013806706,5548.0,3.0,9.62153333333333,54.5156666666667,1320,1605.0,1605.0,"Bimodal, Very Poorly Sorted",Sandy Mud,Very Fine Sandy Very Coarse Silt,59.68,87.61,5.527,48.07,26.19,4.572,-0.734,3.021,5.255,2.193,0.734,3.021,27.19,4.298,-0.439,0.863,5.201,2.104,0.439,0.863,Coarse Silt,Very Poorly Sorted,Very Fine Skewed,Platykurtic,69.69,8.157,,3.844,6.939,,2.895,42.4,120.5,41.61,117.6,8.921,70.65,3.053,4.56,8.432,2.762,5.379,1.865,3.157,0.0,35.5,64.5,0.0,0.0,0.0,0.0,0.0,0.1,0.9,1.1,6.9,26.5,21.9,9.8,9.7,9.6,7.0,6.5,73.9,6.9315,172.9,0.465,inner,0.23398021719996506,-0.14528005693637253
S14,37.0,2.0,35.0,12.088701567366268,0.25,1.0,74.64583042608609,148.0,8.0,140.0,0.05714285714285714,48.0,2.3,9.63885,54.5171666666667,950,2933.0,2933.0,"Bimodal, Very Poorly Sorted",Muddy Sand,Very Coarse Silty Medium Sand,213.1,196.7,1.143,4.134,91.86,6.262,-1.517,5.148,3.444,2.647,1.517,5.148,95.57,5.487,-0.508,1.248,3.387,2.456,0.508,1.248,Very Fine Sand,Very Poorly Sorted,Very Fine Skewed,Leptokurtic,282.4,6.166,,1.826,7.343,,5.405,166.4,490.5,90.74,485.1,6.164,269.3,1.028,2.587,7.531,7.328,6.504,2.603,2.624,0.0,72.6,27.4,0.0,0.0,0.0,0.0,0.0,0.1,9.3,25.8,23.1,14.3,6.8,3.6,4.4,5.0,3.5,4.2,99.5,1.0503,31.2,0.39,inner,-0.25166370632344304,-0.026519787270019152
S15,107.0,11.0,96.0,142.921131900293,0.25,1.0,94.64142856064674,428.0,44.0,384.0,0.11458333333333333,572.0,2.2,9.64575,54.52005,1382,3455.0,3455.0,"Unimodal, Very Poorly Sorted",Slightly Gravelly Muddy Sand,Slightly Very Fine Gravelly Very Coarse Silty Medium Sand,321.4,300.2,1.93,8.965,154.0,5.115,-1.251,3.677,2.699,2.355,1.251,3.677,148.2,4.952,-0.573,1.347,2.754,2.308,0.573,1.347,Fine Sand,Very Poorly Sorted,Very Fine Skewed,Leptokurtic,340.3,,,1.557,,,8.916,275.1,655.9,73.56,647.0,4.974,350.2,0.608,1.862,6.809,11.19,6.201,2.945,2.314,0.1,76.7,23.2,0.0,0.0,0.0,0.0,0.1,3.2,15.6,35.8,18.3,3.7,4.9,4.4,4.9,4.8,3.0,1.3,28.0,0.64,11.0,0.225,inner,-0.3364219554838393,0.16519843832510606
S16,457.0,39.0,418.0,220.57005994790288,0.09,0.25,82.64986388373546,5078.0,433.0,4644.0,0.09323858742463394,2451.0,3.5,9.67003333333333,54.5139666666667,1500,4729.0,4729.0,"Trimodal, Very Poorly Sorted",Sandy Mud,Very Fine Sandy Very Coarse Silt,51.93,94.2,3.845,20.65,18.82,4.337,0.022,2.557,5.731,2.117,-0.022,2.557,18.36,4.381,-0.02,0.92,5.768,2.131,0.02,0.92,Coarse Silt,Very Poorly Sorted,Symmetrical,Mesokurtic,47.99,7.43,340.3,4.383,7.074,1.557,2.829,19.71,111.3,39.34,108.5,8.761,47.96,3.168,5.665,8.465,2.672,5.298,1.744,3.131,0.0,21.2,78.8,0.0,0.0,0.0,0.0,0.0,0.0,1.0,3.9,3.9,12.4,18.6,15.0,14.9,15.0,9.9,5.4,37.7,12.146,230.9,0.42,inner,0.2831738060346912,0.040882692189352705
S17,149.0,13.0,136.0,72.82089662523946,0.25,1.0,83.83913167489273,596.0,52.0,544.0,0.09558823529411764,291.0,2.3,9.68298333333333,54.5072166666667,1126,5643.0,5643.0,"Unimodal, Poorly Sorted",Slightly Gravelly Sand,Slightly Very Fine Gravelly Medium Sand,475.2,312.5,1.254,5.533,329.8,3.235,-2.345,8.999,1.6,1.694,2.345,8.999,406.9,2.615,-0.306,2.201,1.297,1.387,0.306,2.201,Medium Sand,Poorly Sorted,Very Fine Skewed,Very Leptokurtic,410.1,,,1.288,,,159.8,415.5,878.6,5.498,718.8,2.24,341.3,0.187,1.267,2.646,14.17,2.459,2.668,1.164,0.1,91.8,8.1,0.0,0.0,0.0,0.0,0.1,6.4,31.1,41.7,12.0,0.6,1.4,1.4,2.0,1.9,1.1,0.2,47.5,0.6665,10.0,0.31,inner,-0.48408381072809453,0.29489116158727796
S19,52.0,4.0,48.0,17.496347738746135,0.25,1.0,68.12471096615599,208.0,16.0,192.0,0.08333333333333333,70.0,0.6,9.70261666666667,54.51255,2375,6836.0,6836.0,"Unimodal, Moderately Well Sorted",Slightly Gravelly Sand,Slightly Very Fine Gravelly Fine Sand,214.3,139.3,5.286,54.6,183.8,1.815,-1.64,12.56,2.444,0.86,1.64,12.56,188.4,1.612,0.007,0.976,2.408,0.689,-0.007,0.976,Fine Sand,Moderately Well Sorted,Symmetrical,Mesokurtic,177.1,,,2.499,,,102.0,187.8,348.3,3.416,246.4,1.928,125.8,1.521,2.413,3.294,2.165,1.772,1.489,0.947,0.0,98.3,1.7,0.0,0.0,0.0,0.0,0.0,0.5,1.3,26.1,52.2,18.2,0.2,0.4,0.6,0.4,0.1,0.0,31.5,0.0615,3.7,0.11,inner,-0.46757088458509205,-0.24149207071624368
S20,384.0,27.0,357.0,158.54034895615084,0.20000000000000004,0.25,92.10863151735563,1920.0,135.0,1785.0,0.07563025210084033,793.0,3.5,9.69136666666667,54.52185,1436,6230.0,6230.0,"Unimodal, Poorly Sorted",Muddy Sand,Very Coarse Silty Very Fine Sand,104.5,69.31,0.291,2.527,57.12,5.379,-2.227,8.077,4.13,2.427,2.227,8.077,63.59,3.857,-0.621,1.954,3.975,1.947,0.621,1.954,Very Fine Sand,Poorly Sorted,Very Fine Skewed,Very Leptokurtic,133.9,,,2.902,,,4.907,102.7,197.8,40.31,192.9,2.723,95.24,2.338,3.284,7.671,3.281,5.333,1.529,1.445,0.0,72.2,27.8,0.0,0.0,0.0,0.0,0.0,0.0,0.0,2.4,34.8,34.9,8.2,3.2,3.7,4.2,3.5,5.1,37.4,1.3055,30.6,0.32,inner,-0.10367977627479022,-0.3579084210397293
S21,477.0,106.0,371.0,473.66102751490376,0.08,0.25,112.65433857601757,5962.0,1325.0,4638.0,0.2856834842604571,5921.0,2.1,9.73118333333333,54.5275666666667,523,9723.0,9723.0,"Trimodal, Very Poorly Sorted",Sandy Mud,Very Fine Sandy Very Coarse Silt,38.29,71.65,5.093,35.01,14.23,4.547,-0.275,2.798,6.135,2.185,0.275,2.798,14.68,4.454,-0.111,0.901,6.09,2.155,0.111,0.901,Medium Silt,Very Poorly Sorted,Fine Skewed,Mesokurtic,52.68,7.43,0.545,4.248,7.074,10.84,2.084,15.32,83.4,40.03,81.32,9.233,41.52,3.584,6.028,8.907,2.485,5.323,1.725,3.207,0.0,17.0,83.0,0.0,0.0,0.0,0.0,0.0,0.0,0.6,1.7,1.7,12.9,18.1,14.5,15.3,15.4,10.4,9.3,28.2,10.9955,173.3,0.405,middle,0.3297586542324816,0.0327669243012607
S22,50.0,5.0,45.0,46.535738548658244,0.066,1.0,76.65038085648958,758.0,76.0,682.0,0.11143695014662756,705.0,4.0,9.76886666666667,54.5600833333333,537,14087.0,14087.0,"Unimodal, Poorly Sorted",Sandy Mud,Very Fine Sandy Very Coarse Silt,43.95,31.4,0.916,3.643,31.34,2.553,-0.875,3.316,4.996,1.352,0.875,3.316,32.41,2.54,-0.316,1.051,4.948,1.345,0.316,1.051,Very Coarse Silt,Poorly Sorted,Very Fine Skewed,Mesokurtic,52.68,,,4.248,,,7.77,38.47,87.49,11.26,79.72,3.336,43.64,3.515,4.7,7.008,1.994,3.493,1.434,1.738,0.0,24.8,75.2,0.0,0.0,0.0,0.0,0.0,0.0,0.0,0.0,1.8,23.0,34.3,19.7,11.1,6.5,3.0,0.6,53.0,11.5525,175.6,0.455,middle,0.29840846089675926,-0.10930566877439504
S23,165.0,20.0,145.0,141.5782592889359,0.093,1.0,93.67496997597596,1774.0,215.0,1559.0,0.1379089159717768,1522.0,3.1,9.78108333333333,54.57215,1797,15662.0,14154.0,"Bimodal, Poorly Sorted",Mud,Medium Silt,25.19,53.91,7.219,65.93,10.91,3.659,-0.096,3.065,6.518,1.872,0.096,3.065,11.12,3.573,-0.056,0.936,6.49,1.837,0.056,0.936,Medium Silt,Poorly Sorted,Symmetrical,Mesokurtic,8.157,0.657,,6.939,10.57,,2.137,11.23,53.01,24.81,50.87,6.165,23.58,4.238,6.476,8.87,2.093,4.633,1.509,2.624,0.0,7.1,92.9,0.0,0.0,0.0,0.0,0.0,0.0,0.3,1.0,0.2,5.6,15.1,18.7,19.3,18.5,12.4,8.8,112.0,12.224,231.7,0.426666666666667,middle,0.37044538529343796,0.14182616716921753
S24,36.0,12.0,24.0,161.49653591678046,0.188,0.5,155.86827288189758,191.0,64.0,128.0,0.5,859.0,4.7,9.81235,54.577,892,17538.0,12124.0,"Bimodal, Very Poorly Sorted",Slightly Gravelly Sandy Mud,Slightly Very Fine Gravelly Fine Sandy Fine Silt,147.3,224.3,3.308,19.69,43.26,5.978,-0.106,1.777,4.531,2.58,0.106,1.777,43.73,6.141,-0.107,0.688,4.515,2.618,0.107,0.688,Very Coarse Silt,Very Poorly Sorted,Fine Skewed,Platykurtic,234.3,6.768,,2.095,7.209,,3.829,50.42,402.4,105.1,398.6,24.01,200.6,1.313,4.31,8.029,6.113,6.716,3.032,4.586,0.1,47.7,52.3,0.0,0.0,0.0,0.0,0.1,1.1,5.0,14.5,16.0,11.0,7.3,9.8,12.3,12.6,8.1,2.2,23.7,1.979,50.6,3.465,middle,-0.007419104569673801,0.06037479287960817
S25,228.0,39.0,189.0,629.2690852536841,0.13,1.0,95.16300627824279,1754.0,300.0,1454.0,0.2063273727647868,4841.0,3.0,9.88715,54.6142833333333,473,24017.0,5771.0,"Unimodal, Poorly Sorted",Mud,Coarse Silt,28.51,44.01,12.54,258.6,17.23,2.763,-0.135,2.91,5.859,1.466,0.135,2.91,17.29,2.791,-0.089,0.977,5.854,1.481,0.089,0.977,Coarse Silt,Poorly Sorted,Symmetrical,Mesokurtic,22.76,,,5.459,,,4.29,18.31,61.28,14.29,56.99,4.077,26.63,4.028,5.771,7.865,1.952,3.837,1.42,2.027,0.0,9.6,90.4,0.0,0.0,0.0,0.0,0.0,0.0,0.1,0.1,1.3,8.1,19.7,26.7,21.7,13.7,7.0,1.6,46.7,8.713,166.0,0.215,middle,0.3554315860226177,0.0930061964432886
S26,19.0,3.0,16.0,8.84729891732973,0.25,1.0,119.05880899790658,76.0,12.0,64.0,0.1875,35.0,2.3,9.92366666666667,54.6247166666667,927,26567.0,3088.0,"Bimodal, Very Poorly Sorted",Slightly Gravelly Muddy Sand,Slightly Very Fine Gravelly Fine Silty Medium Sand,303.8,330.9,2.069,8.841,121.3,5.894,-0.922,2.772,3.043,2.559,0.922,2.772,112.1,6.157,-0.519,1.012,3.157,2.622,0.519,1.012,Very Fine Sand,Very Poorly Sorted,Very Fine Skewed,Mesokurtic,340.3,5.617,,1.557,7.478,,5.863,225.1,683.9,116.6,678.0,9.65,383.2,0.548,2.151,7.414,13.53,6.866,3.668,3.271,0.2,72.4,27.4,0.0,0.0,0.0,0.0,0.2,3.9,15.1,27.1,18.7,7.7,4.6,4.5,5.5,6.6,4.6,1.6,55.9,0.1885,17.6,3.07,middle,-0.2650013066514258,0.1135131082580441
S27,349.0,78.0,271.0,209.866983516029,0.25,0.25,96.91749068150702,1396.0,312.0,1084.0,0.2878228782287823,839.0,1.2,9.9332,54.6359166666667,195,28534.0,1435.0,"Unimodal, Very Poorly Sorted",Sandy Mud,Very Fine Sandy Very Coarse Silt,38.21,69.65,6.656,59.99,16.45,4.268,-0.613,3.313,5.926,2.093,0.613,3.313,17.22,4.037,-0.304,0.936,5.86,2.013,0.304,0.936,Coarse Silt,Very Poorly Sorted,Very Fine Skewed,Mesokurtic,43.72,,,4.517,,,2.345,22.15,76.92,32.81,74.58,7.424,40.99,3.7,5.497,8.736,2.361,5.036,1.657,2.892,0.0,15.7,84.3,0.0,0.0,0.0,0.0,0.0,0.0,0.7,1.0,1.1,12.8,24.0,18.5,13.1,11.9,8.5,8.2,35.9,6.8825,182.6,0.235,WWTP,0.3453196784370934,0.01727086479381748
S29,1165.0,159.0,1006.0,1493.884984054715,0.25,0.125,99.31767214348108,4660.0,636.0,4024.0,0.15805168986083498,5976.0,1.2,9.93985,54.6633,344,31509.0,1729.0,"Unimodal, Very Poorly Sorted",Sandy Mud,Very Fine Sandy Very Coarse Silt,47.36,88.13,5.945,49.94,17.01,5.21,-0.67,3.495,5.877,2.381,0.67,3.495,18.29,4.909,-0.234,0.948,5.773,2.295,0.234,0.948,Coarse Silt,Very Poorly Sorted,Fine Skewed,Mesokurtic,63.49,,,3.979,,,2.088,21.81,103.4,49.51,101.3,9.896,53.19,3.274,5.519,8.904,2.719,5.63,1.811,3.307,0.0,23.4,76.6,0.0,0.0,0.0,0.0,0.0,0.1,1.0,0.9,4.4,16.9,18.7,14.6,13.3,12.2,8.3,9.4,131.0,5.7785,139.2687,0.49,outer,0.29120859989828063,-0.039003075811606974
S30,142.0,51.0,91.0,4499.035394950114,0.203,1.0,139.90886008750144,700.0,251.0,448.0,0.5602678571428571,22163.0,12.1,9.94451666666667,54.67195,403,32502.0,2750.0,"Polymodal, Very Poorly Sorted",Slightly Gravelly Sandy Mud,Slightly Very Fine Gravelly Very Fine Sandy Fine Silt,152.6,302.7,3.653,18.05,35.91,6.305,0.047,2.057,4.799,2.657,-0.047,2.057,36.26,6.393,-0.102,0.797,4.786,2.676,0.102,0.797,Very Coarse Silt,Very Poorly Sorted,Fine Skewed,Platykurtic,101.2,5.617,450.2,3.306,7.478,1.153,3.311,44.73,421.9,127.4,418.6,19.45,129.1,1.245,4.482,8.238,6.617,6.993,2.488,4.282,0.2,44.9,54.9,0.0,0.0,0.0,0.0,0.2,2.9,5.1,7.0,12.0,18.0,8.5,8.3,10.9,14.4,8.8,4.0,160.0,2.3875,56.0393,2.125,outer,0.07481072850176482,-0.015949240948750193
S31,12.0,1.0,11.0,1.7114190707585626,0.078,1.0,73.22235219004764,154.0,13.0,141.0,0.09219858156028368,22.0,4.0,10.0186333333333,54.6757,1462,37475.0,7860.0,"Unimodal, Poorly Sorted",Slightly Gravelly Muddy Sand,Slightly Very Fine Gravelly Very Coarse Silty Fine Sand,190.4,213.4,4.127,27.28,105.2,4.003,-1.52,5.707,3.249,2.001,1.52,5.707,115.0,3.409,-0.455,1.629,3.121,1.769,0.455,1.629,Very Fine Sand,Poorly Sorted,Very Fine Skewed,Very Leptokurtic,177.1,,,2.499,,,13.46,152.0,348.9,25.92,335.4,3.156,162.9,1.519,2.718,6.215,4.091,4.696,1.802,1.658,0.1,77.9,22.0,0.0,0.0,0.0,0.0,0.1,1.5,2.5,18.5,37.1,18.3,6.8,4.5,3.4,3.2,2.2,1.9,649.0,1.108,12.2936,0.385,outer,-0.2643115608372395,-0.1726674535854986
S32,845.0,254.0,591.0,5258.349835570911,0.179,0.25,127.7380131362626,4721.0,1419.0,3302.0,0.4297395517867959,29376.0,2.1,9.98658333333333,54.68735,170,36158.0,6130.0,"Bimodal, Poorly Sorted",Sandy Mud,Very Fine Sandy Very Coarse Silt,62.72,72.51,4.365,32.93,34.07,3.727,-0.949,3.596,4.875,1.898,0.949,3.596,34.11,3.575,-0.436,1.069,4.873,1.838,0.436,1.069,Very Coarse Silt,Poorly Sorted,Very Fine Skewed,Mesokurtic,69.69,8.954,,3.844,6.805,,4.505,49.46,123.9,27.51,119.4,4.893,66.36,3.013,4.338,7.794,2.587,4.782,1.639,2.291,0.0,39.0,61.0,0.0,0.0,0.0,0.0,0.0,0.0,0.7,1.1,8.0,29.3,26.4,10.6,7.9,7.4,5.1,3.5,164.0,3.165,113.9237,0.17,outer,0.2069344483238631,-0.18568737017499412
