Sample,Frequency,FrequencyA500,FrequencyB500,MPmass,Mass,Split,MP_D50,Concentration,ConcentrationA500,ConcentrationB500,ConcentrationA500_div_B500,MassConcentration,Depth,LON,LAT,Dist_Marina,Dist_WWTP,Dist_WWTP2,SAMPLE TYPE ,TEXTURAL GROUP ,SEDIMENT NAME ,MoM_ari_MEAN,MoM_ari_SORTING,MoM_ari_SKEWNESS,MoM_ari_KURTOSIS,MoM_geo_MEAN,MoM_geo_SORTING,MoM_geo_SKEWNESS,MoM_geo_KURTOSIS,MoM_log_MEAN,MoM_log_SORTING,MoM_log_SKEWNESS,MoM_log_KURTOSIS,FW_geo_MEAN,FW_geo_SORTING,FW_geo_SKEWNESS,FW_geo_KURTOSIS,FW_log_MEAN,FW_log_SORTING,FW_log_SKEWNESS,FW_log_KURTOSIS,FW_des_MEAN,FW_des_SORTING,FW_des_SKEWNESS,FW_des_KURTOSIS,MODE 1 (µm),MODE 2 (µm),MODE 3 (µm),MODE 1 (f),MODE 2 (f),MODE 3 (f),D10 (µm),D50 (µm),D90 (µm),(D90 div D10) (µm),(D90 - D10) (µm),(D75 div D25) (µm),(D75 - D25) (µm),D10 (f),D50 (f),D90 (f),(D90 div D10) (f),(D90 - D10) (f),(D75 div D25) (f),(D75 - D25) (f),perc GRAVEL,perc SAND,perc MUD,perc V COARSE GRAVEL,perc COARSE GRAVEL,perc MEDIUM GRAVEL,perc FINE GRAVEL,perc V FINE GRAVEL,perc V COARSE SAND,perc COARSE SAND,perc MEDIUM SAND,perc FINE SAND,perc V FINE SAND,perc V COARSE SILT,perc COARSE SILT,perc MEDIUM SILT,perc FINE SILT,perc V FINE SILT,perc CLAY,OM_D50,TOC,Hg,TIC,regio_sep,PC1,PC2
S01,,,,,,,,,,,,,2.7,9.55716666666667,54.5075,505.0,4490.0,4490.0,"Trimodal, Very Poorly Sorted",Sandy Mud,Very Fine Sandy Fine Silt,42.65,88.3,3.885,19.82,12.54,4.889,0.095,2.73,6.318,2.29,-0.095,2.73,12.48,5.12,0.064,1.056,6.324,2.356,-0.064,1.056,Medium Silt,Very Poorly Sorted,Symmetrical,Mesokurtic,6.166,0.599,340.3,7.343,10.71,1.557,1.819,11.53,92.82,51.04,91.0,8.995,33.99,3.429,6.438,9.103,2.654,5.673,1.673,3.169,0.0,15.7,84.3,0.0,0.0,0.0,0.0,0.0,0.0,0.8,3.7,3.0,8.2,13.4,14.2,16.3,17.4,12.2,10.8,80.6,15.0115,257.6,0.61,inner,0.29391166811819375,0.10558226157367376
S09,,,,,,,,,,,,,1.0,9.60418333333333,54.5252333333333,785.0,66.8,66.8,,,,,,,,,,,,,,,,,,,,,,,,,,,,,,,,,,,,,,,,,,,,,,,,,,,,,,,,,,,,,,,,,,,,0.808,13.5,0.27,WWTP,,
S12,,,,,,,,,,,,,2.4,9.6012,54.5187666666667,1326.0,1137.0,1137.0,"Bimodal, Very Poorly Sorted",Slightly Gravelly Muddy Sand,Slightly Very Fine Gravelly Medium Silty Medium Sand,355.8,380.1,2.256,8.482,179.0,4.494,-1.269,4.203,2.482,2.168,1.269,4.203,176.0,4.372,-0.422,2.133,2.507,2.128,0.422,2.133,Fine Sand,Very Poorly Sorted,Very Fine Skewed,Very Leptokurtic,282.4,1378.7,,1.826,-0.462,,12.96,257.4,776.6,59.9,763.6,2.822,266.3,0.365,1.958,6.269,17.19,5.905,2.172,1.497,0.4,81.5,18.1,0.0,0.0,0.0,0.0,0.4,7.0,10.7,33.6,26.5,3.7,3.4,3.7,4.1,4.1,2.3,0.6,176.0,2.967,61.2,1.11,inner,-0.401026287602187,0.09118468202585746
S18,,,,,,,,,,,,,3.2,9.69213333333333,54.5016333333333,1199.0,6391.0,6391.0,"Bimodal, Poorly Sorted",Sandy Mud,Very Fine Sandy Very Coarse Silt,30.16,30.45,1.431,4.931,16.18,3.517,-0.454,2.5,5.95,1.814,0.454,2.5,16.77,3.525,-0.164,0.804,5.898,1.817,0.164,0.804,Coarse Silt,Poorly Sorted,Fine Skewed,Platykurtic,47.99,8.157,,4.383,6.939,,2.893,19.03,74.07,25.6,71.17,7.249,39.4,3.755,5.715,8.433,2.246,4.678,1.642,2.858,0.0,14.8,85.2,0.0,0.0,0.0,0.0,0.0,0.0,0.0,0.0,1.2,13.6,22.1,17.7,15.6,14.8,9.8,5.2,55.4,9.7265,212.5,0.4875,inner,0.3625555689716652,0.018802869266356995
S18d,,,,,,,,,,,,,3.2,9.69213333333333,54.5016333333333,1199.0,6391.0,6391.0,"Unimodal, Poorly Sorted",Sandy Mud,Very Fine Sandy Very Coarse Silt,32.55,45.46,7.696,109.3,17.83,3.205,-0.28,2.709,5.81,1.68,0.28,2.709,18.15,3.2,-0.11,0.857,5.784,1.678,0.11,0.857,Coarse Silt,Poorly Sorted,Fine Skewed,Platykurtic,43.72,,,4.517,,,3.695,19.51,74.1,20.06,70.41,5.76,36.62,3.754,5.679,8.08,2.152,4.326,1.562,2.526,0.0,14.4,85.6,0.0,0.0,0.0,0.0,0.0,0.0,0.2,0.3,1.6,12.4,21.8,19.9,18.5,14.5,7.8,3.1,55.4,9.7265,212.5,0.4875,inner,0.3529277976723254,0.034702972229463835
20170329_G1,,,,,,,,,,,,,3.44,9.67076666666667,54.5172333333333,,,,"Bimodal, Very Poorly Sorted",Sandy Mud,Very Fine Sandy Very Coarse Silt,50.14,48.69,1.433,5.738,22.88,4.939,-0.93,3.033,5.449,2.304,0.93,3.033,24.38,4.75,-0.519,0.918,5.358,2.248,0.519,0.918,Coarse Silt,Very Poorly Sorted,Very Fine Skewed,Mesokurtic,69.69,8.157,,3.844,6.939,,1.934,42.37,107.4,55.52,105.4,9.528,67.43,3.22,4.561,9.015,2.8,5.795,1.872,3.252,0.0,35.1,64.9,0.0,0.0,0.0,0.0,0.0,0.0,0.0,0.4,6.5,28.2,21.0,10.1,8.9,8.5,6.3,10.1,,6.487,,,,-0.19141658279498663,0.14567152287845217
20170330_G1,,,,,,,,,,,,,3.95,9.662,54.51465,,,,"Trimodal, Very Poorly Sorted",Sandy Mud,Very Fine Sandy Very Coarse Silt,45.73,38.85,0.518,2.178,22.31,4.636,-0.966,3.059,5.486,2.213,0.966,3.059,24.63,4.417,-0.522,0.863,5.343,2.143,0.522,0.863,Coarse Silt,Very Poorly Sorted,Very Fine Skewed,Platykurtic,76.51,22.76,8.954,3.71,5.459,6.805,2.146,40.35,100.6,46.91,98.5,9.484,68.12,3.313,4.631,8.864,2.676,5.552,1.874,3.245,0.0,35.5,64.5,0.0,0.0,0.0,0.0,0.0,0.0,0.0,0.0,2.6,32.9,19.0,10.6,10.3,9.2,6.0,9.3,,5.7665,,,,-0.23350470103637214,0.1632162056248881
20170330_G10,,,,,,,,,,,,,3.86,9.68315,54.5112,,,,"Trimodal, Poorly Sorted",Mud,Very Coarse Silt,18.92,18.08,0.926,2.666,9.741,3.871,-0.635,2.667,6.682,1.953,0.635,2.667,10.42,3.98,-0.206,0.865,6.584,1.993,0.206,0.865,Medium Silt,Poorly Sorted,Fine Skewed,Platykurtic,47.99,20.73,8.954,4.383,5.594,6.805,1.341,11.76,48.38,36.07,47.04,7.674,27.05,4.37,6.409,9.542,2.184,5.173,1.587,2.94,0.0,1.4,98.6,0.0,0.0,0.0,0.0,0.0,0.0,0.0,0.0,0.0,1.4,23.5,18.1,17.3,15.4,10.2,14.1,,8.4755,,,,-0.3378236590250578,-0.1433725813496502
20170330_G11,,,,,,,,,,,,,3.7,9.67671666666667,54.5127333333333,,,,"Trimodal, Very Poorly Sorted",Mud,Very Coarse Silt,20.82,21.39,1.071,3.02,9.889,4.149,-0.513,2.411,6.66,2.053,0.513,2.411,10.44,4.352,-0.175,0.849,6.582,2.122,0.175,0.849,Medium Silt,Very Poorly Sorted,Fine Skewed,Platykurtic,57.83,24.98,8.157,4.114,5.325,6.939,1.224,11.7,56.46,46.12,55.23,8.831,29.26,4.147,6.417,9.674,2.333,5.527,1.639,3.143,0.0,6.3,93.7,0.0,0.0,0.0,0.0,0.0,0.0,0.0,0.0,0.0,6.3,20.0,17.3,15.6,14.9,10.4,15.4,,9.914,,,,-0.33169315297701146,-0.09558163681871616
20170330_G12,,,,,,,,,,,,,3.78,9.66936666666667,54.5116833333333,,,,"Trimodal, Very Poorly Sorted",Sandy Mud,Very Fine Sandy Very Coarse Silt,26.4,29.71,1.385,4.273,11.3,4.594,-0.501,2.511,6.467,2.2,0.501,2.511,11.88,4.766,-0.147,0.858,6.396,2.253,0.147,0.858,Medium Silt,Very Poorly Sorted,Fine Skewed,Platykurtic,63.49,8.954,20.73,3.979,6.805,5.594,1.252,13.01,72.52,57.94,71.26,10.26,37.87,3.786,6.264,9.642,2.547,5.856,1.734,3.358,0.0,14.2,85.8,0.0,0.0,0.0,0.0,0.0,0.0,0.0,0.0,0.6,13.6,17.1,14.8,15.4,14.2,9.5,14.7,,6.947,,,,-0.29984573466021364,-0.014909706914637033
20170330_G13,,,,,,,,,,,,,3.49,9.68716666666667,54.5093,,,,"Unimodal, Moderately Sorted",Slightly Gravelly Sand,Slightly Very Fine Gravelly Medium Sand,340.8,228.1,2.622,14.07,264.5,2.603,-3.492,20.9,1.918,1.38,3.492,20.9,296.4,1.71,0.057,1.3,1.755,0.774,-0.057,1.3,Medium Sand,Moderately Sorted,Symmetrical,Leptokurtic,257.2,,,1.96,,,162.2,284.8,591.9,3.65,429.8,1.859,184.5,0.756,1.812,2.624,3.469,1.868,1.675,0.895,0.0,96.0,4.0,0.0,0.0,0.0,0.0,0.0,1.8,13.2,46.9,32.1,1.9,0.8,0.6,0.6,0.6,0.5,1.1,,0.5622,,,,0.620472689957061,-0.10494367283408125
20170330_G14,,,,,,,,,,,,,3.92,9.69856666666667,54.5095833333333,,,,"Bimodal, Very Poorly Sorted",Sandy Mud,Very Fine Sandy Very Coarse Silt,27.97,25.74,0.721,2.244,13.87,4.24,-0.796,2.951,6.172,2.084,0.796,2.951,15.01,4.169,-0.282,0.844,6.058,2.06,0.282,0.844,Medium Silt,Very Poorly Sorted,Fine Skewed,Platykurtic,63.49,9.83,,3.979,6.67,,1.694,18.2,67.59,39.9,65.9,8.972,44.11,3.887,5.78,9.205,2.368,5.318,1.731,3.165,0.0,14.1,85.9,0.0,0.0,0.0,0.0,0.0,0.0,0.0,0.0,0.0,14.1,23.8,15.4,14.8,12.8,8.0,11.2,,8.494,,,,-0.3176009570635601,-0.026947691421592788
20170330_G15,,,,,,,,,,,,,3.75,9.6962,54.50815,,,,"Unimodal, Poorly Sorted",Slightly Gravelly Sand,Slightly Very Fine Gravelly Medium Sand,454.9,330.6,1.387,5.109,313.4,3.19,-2.571,12.3,1.674,1.674,2.571,12.3,368.1,2.376,-0.175,1.54,1.442,1.248,0.175,1.54,Medium Sand,Poorly Sorted,Fine Skewed,Very Leptokurtic,373.6,,,1.422,,,131.7,371.8,920.7,6.989,788.9,2.469,346.4,0.119,1.427,2.924,24.53,2.805,2.671,1.304,0.0,94.0,6.0,0.0,0.0,0.0,0.0,0.0,8.0,24.6,39.7,18.1,3.6,1.4,1.0,0.9,0.9,0.6,1.1,,1.0835,,,,0.5790526856238098,-0.15170179732757533
20170330_G16,,,,,,,,,,,,,3.66,9.69218333333333,54.5064833333333,,,,"Trimodal, Poorly Sorted",Mud,Fine Silt,13.95,13.99,1.122,3.135,7.334,3.595,-0.418,2.344,7.091,1.846,0.418,2.344,7.7,3.83,-0.121,0.87,7.021,1.937,0.121,0.87,Fine Silt,Poorly Sorted,Fine Skewed,Platykurtic,39.82,18.88,6.768,4.652,5.728,7.209,1.144,8.146,37.87,33.12,36.73,6.876,17.8,4.723,6.94,9.772,2.069,5.049,1.498,2.782,0.0,0.0,100.0,0.0,0.0,0.0,0.0,0.0,0.0,0.0,0.0,0.0,0.0,16.4,16.7,18.0,18.5,12.7,17.5,,10.174,,,,-0.3355289700885007,-0.1965119805433607
20170330_G17,,,,,,,,,,,,,2.92,9.68896666666667,54.50665,,,,"Bimodal, Moderately Well Sorted",Sand,Moderately Well Sorted Fine Sand,308.7,221.2,3.103,14.97,254.2,2.069,-3.275,27.56,1.976,1.049,3.275,27.56,259.5,1.558,0.258,1.413,1.946,0.64,-0.258,1.413,Medium Sand,Moderately Well Sorted,Coarse Skewed,Leptokurtic,234.3,542.5,,2.095,0.884,,163.0,247.2,530.0,3.252,367.0,1.605,120.5,0.916,2.016,2.617,2.858,1.701,1.415,0.683,0.0,98.1,1.9,0.0,0.0,0.0,0.0,0.0,2.7,8.5,37.5,48.6,0.8,0.3,0.3,0.3,0.3,0.2,0.5,,0.654,,,,0.6186770958985301,-0.013724586314745492
20170330_G18,,,,,,,,,,,,,2.46,9.68696666666667,54.5073833333333,,,,"Unimodal, Moderately Sorted",Slightly Gravelly Sand,Slightly Very Fine Gravelly Medium Sand,447.2,255.4,1.622,6.297,376.3,2.046,-3.683,31.7,1.41,1.033,3.683,31.7,390.6,1.657,0.111,1.034,1.356,0.729,-0.111,1.034,Medium Sand,Moderately Sorted,Coarse Skewed,Mesokurtic,340.3,,,1.557,,,213.1,378.8,785.2,3.684,572.1,1.954,263.8,0.349,1.4,2.23,6.393,1.881,2.088,0.966,0.0,98.7,1.3,0.0,0.0,0.0,0.0,0.0,4.7,24.9,52.2,16.5,0.4,0.2,0.2,0.2,0.2,0.2,0.4,,0.4335,,,,0.6414096610513004,-0.26018635874339413
20170330_G19,,,,,,,,,,,,,3.7,9.6776,54.5063333333333,,,,"Trimodal, Very Poorly Sorted",Mud,Very Coarse Silt,19.05,20.42,1.249,3.586,8.969,4.094,-0.447,2.396,6.801,2.034,0.447,2.396,9.388,4.314,-0.137,0.861,6.735,2.109,0.137,0.861,Medium Silt,Very Poorly Sorted,Fine Skewed,Platykurtic,52.68,22.76,8.157,4.248,5.459,6.939,1.175,10.21,53.08,45.17,51.91,8.557,25.53,4.236,6.614,9.733,2.298,5.497,1.606,3.097,0.0,5.2,94.8,0.0,0.0,0.0,0.0,0.0,0.0,0.0,0.0,0.0,5.2,18.0,16.9,16.5,15.7,11.3,16.4,,10.2305,,,,-0.3311095015623958,-0.10803082171411718
20170330_G2,,,,,,,,,,,,,3.71,9.6583,54.5137166666667,,,,"Bimodal, Very Poorly Sorted",Muddy Sand,Very Coarse Silty Coarse Sand,328.0,313.2,0.204,1.385,84.43,9.516,-0.624,2.08,3.566,3.25,0.624,2.08,117.6,8.582,-0.793,0.684,3.088,3.101,0.793,0.684,Very Fine Sand,Very Poorly Sorted,Very Fine Skewed,Platykurtic,595.5,57.83,,0.749,4.114,,3.068,412.1,727.3,237.0,724.2,45.47,596.5,0.459,1.279,8.348,18.17,7.889,8.721,5.507,0.0,54.4,45.6,0.0,0.0,0.0,0.0,0.0,0.2,42.5,8.1,0.0,3.6,11.5,7.7,7.2,7.3,4.9,7.0,,4.0025,,,,0.01878247755237431,-0.20434831502493497
20170330_G20,,,,,,,,,,,,,3.49,9.68231666666667,54.5029333333333,,,,"Bimodal, Poorly Sorted",Mud,Medium Silt,15.93,16.38,1.392,4.133,8.531,3.539,-0.533,2.795,6.873,1.823,0.533,2.795,9.045,3.667,-0.129,1.002,6.789,1.875,0.129,1.002,Medium Silt,Poorly Sorted,Fine Skewed,Mesokurtic,8.954,47.99,,6.805,4.383,,1.401,9.579,43.39,30.97,41.99,5.599,18.2,4.526,6.706,9.479,2.094,4.953,1.452,2.485,0.0,1.5,98.5,0.0,0.0,0.0,0.0,0.0,0.0,0.0,0.0,0.0,1.5,15.6,17.9,21.6,18.7,11.1,13.7,,10.5135,,,,-0.3349976507563331,-0.15423214150358028
20170330_G21,,,,,,,,,,,,,3.78,9.6834,54.5002666666667,,,,"Trimodal, Poorly Sorted",Mud,Medium Silt,14.79,14.24,1.136,3.338,8.123,3.488,-0.539,2.555,6.944,1.802,0.539,2.555,8.43,3.66,-0.171,0.93,6.89,1.872,0.171,0.93,Medium Silt,Poorly Sorted,Fine Skewed,Mesokurtic,39.82,18.88,8.157,4.652,5.728,6.939,1.264,9.354,38.46,30.42,37.2,5.977,18.31,4.7,6.74,9.627,2.048,4.927,1.468,2.579,0.0,0.1,99.9,0.0,0.0,0.0,0.0,0.0,0.0,0.0,0.0,0.0,0.1,16.0,19.4,20.0,18.3,10.8,15.4,,12.4665,,,,-0.3379639753779532,-0.1891255932274376
20170330_G22,,,,,,,,,,,,,3.29,9.69138333333333,54.4994333333333,,,,"Trimodal, Poorly Sorted",Mud,Very Coarse Silt,19.25,17.61,0.768,2.31,10.1,3.841,-0.674,2.643,6.629,1.941,0.674,2.643,10.71,3.909,-0.246,0.832,6.545,1.967,0.246,0.832,Medium Silt,Poorly Sorted,Fine Skewed,Platykurtic,43.72,20.73,8.157,4.517,5.594,6.939,1.357,12.58,46.96,34.61,45.6,8.019,29.64,4.412,6.313,9.526,2.159,5.113,1.615,3.003,0.0,0.7,99.3,0.0,0.0,0.0,0.0,0.0,0.0,0.0,0.0,0.0,0.7,26.5,17.8,16.3,15.1,9.7,13.9,,10.156,,,,-0.3362929888047094,-0.15311914982551345
20170330_G23,,,,,,,,,,,,,3.48,9.68816666666667,54.5018666666667,,,,"Trimodal, Very Poorly Sorted",Mud,Very Coarse Silt,24.18,23.54,0.842,2.459,11.54,4.25,-0.597,2.477,6.437,2.087,0.597,2.477,12.22,4.323,-0.226,0.8,6.354,2.112,0.226,0.8,Medium Silt,Very Poorly Sorted,Fine Skewed,Platykurtic,57.83,24.98,7.43,4.114,5.325,7.074,1.389,14.32,61.39,44.21,60.0,10.06,38.5,4.026,6.125,9.492,2.358,5.466,1.732,3.331,0.0,9.2,90.8,0.0,0.0,0.0,0.0,0.0,0.0,0.0,0.0,0.0,9.2,23.8,15.3,14.1,14.1,9.9,13.7,,9.4395,,,,-0.32620625597550723,-0.06615083469626257
20170330_G24,,,,,,,,,,,,,3.67,9.69478333333333,54.5028166666667,,,,"Trimodal, Very Poorly Sorted",Sandy Mud,Very Fine Sandy Very Coarse Silt,28.33,25.48,0.564,1.944,13.5,4.542,-0.803,2.776,6.211,2.183,0.803,2.776,14.48,4.442,-0.371,0.802,6.11,2.151,0.371,0.802,Medium Silt,Very Poorly Sorted,Very Fine Skewed,Platykurtic,63.49,27.42,8.157,3.979,5.19,6.939,1.404,19.92,66.1,47.09,64.69,10.6,46.67,3.919,5.65,9.477,2.418,5.557,1.796,3.405,0.0,13.5,86.5,0.0,0.0,0.0,0.0,0.0,0.0,0.0,0.0,0.0,13.5,26.5,14.4,12.3,11.7,8.5,13.1,,7.7665,,,,-0.31494706907630715,-0.03227397649336582
20170330_G25,,,,,,,,,,,,,3.0,9.6987,54.52165,,,,"Bimodal, Poorly Sorted",Muddy Sand,Very Coarse Silty Fine Sand,242.0,213.9,1.773,6.83,141.8,3.982,-1.951,7.808,2.818,1.994,1.951,7.808,173.3,3.219,-0.282,1.719,2.529,1.687,0.282,1.719,Fine Sand,Poorly Sorted,Fine Skewed,Very Leptokurtic,234.3,1042.2,,2.095,-0.058,,34.69,184.7,520.9,15.02,486.2,3.111,213.2,0.941,2.437,4.849,5.154,3.908,1.98,1.637,0.0,85.4,14.6,0.0,0.0,0.0,0.0,0.0,1.4,9.6,24.5,31.8,18.2,5.0,2.0,1.8,1.7,1.5,2.6,,1.3695,,,,0.4250596621030965,0.18589260546216216
20170330_G26,,,,,,,,,,,,,3.58,9.69551666666667,54.5250333333333,,,,"Unimodal, Poorly Sorted",Muddy Sand,Very Coarse Silty Very Fine Sand,77.55,44.36,-0.325,2.154,48.03,4.1,-1.96,6.246,4.38,2.036,1.96,6.246,51.69,3.382,-0.726,2.09,4.274,1.758,0.726,2.09,Very Coarse Silt,Poorly Sorted,Very Fine Skewed,Very Leptokurtic,101.2,,,3.306,,,4.851,85.26,130.4,26.88,125.5,2.373,63.73,2.939,3.552,7.688,2.615,4.748,1.392,1.247,0.0,68.4,31.6,0.0,0.0,0.0,0.0,0.0,0.0,0.0,0.0,13.2,55.2,10.3,4.4,4.0,4.1,3.3,5.5,,2.9785,,,,-0.04329637606949628,0.38659403982944185
20170330_G27,,,,,,,,,,,,,3.08,9.68996666666667,54.5235166666667,,,,"Bimodal, Moderately Sorted",Slightly Gravelly Sand,Slightly Very Fine Gravelly Medium Sand,485.8,346.5,2.58,10.58,392.4,2.186,-3.55,31.38,1.35,1.128,3.55,31.38,403.7,1.719,0.071,1.361,1.309,0.782,-0.071,1.361,Medium Sand,Moderately Sorted,Symmetrical,Leptokurtic,410.1,2002.7,,1.288,-1.0,,216.4,402.8,764.5,3.533,548.1,1.846,251.2,0.387,1.312,2.208,5.7,1.821,2.02,0.884,0.7,97.9,1.4,0.0,0.0,0.0,0.0,0.7,5.2,25.7,53.1,12.4,1.5,0.3,0.2,0.1,0.1,0.1,0.5,,0.172,,,,0.6191998816696043,-0.2673155831166115
20170330_G28,,,,,,,,,,,,,3.36,9.68525,54.5186333333333,,,,"Unimodal, Poorly Sorted",Sand,Poorly Sorted Medium Sand,444.8,226.5,-0.037,2.794,314.1,3.488,-2.812,11.35,1.671,1.803,2.812,11.35,411.3,2.437,-0.459,2.849,1.282,1.285,0.459,2.849,Medium Sand,Poorly Sorted,Very Fine Skewed,Very Leptokurtic,450.2,,,1.153,,,83.75,444.0,743.2,8.874,659.5,1.819,263.4,0.428,1.171,3.578,8.356,3.15,2.116,0.863,0.0,91.4,8.6,0.0,0.0,0.0,0.0,0.0,0.4,38.2,44.4,5.1,3.3,1.9,1.3,1.6,1.6,0.8,1.3,,1.012,,,,0.49317052417000284,-0.2633836499753599
20170330_G29,,,,,,,,,,,,,2.99,9.682,54.5228666666667,,,,"Polymodal, Poorly Sorted",Gravelly Sand,Very Fine Gravelly Very Coarse Sand,844.5,790.2,0.538,1.411,451.0,3.757,-1.211,7.512,1.149,1.91,1.211,7.512,474.6,3.019,0.204,0.568,1.075,1.594,-0.204,0.568,Medium Sand,Poorly Sorted,Coarse Skewed,Very Platykurtic,2002.7,161.4,257.2,-1.0,2.633,1.96,126.5,366.5,1982.2,15.67,1855.7,9.448,1613.0,-0.987,1.448,2.982,-3.021,3.97,-2.807,3.24,8.4,88.6,3.0,0.0,0.0,0.0,0.0,8.4,28.2,4.2,23.8,25.7,6.7,1.0,0.3,0.4,0.3,0.4,0.7,,0.8615,,,,0.5263818806506505,0.07091824243544025
20170330_G3,,,,,,,,,,,,,3.44,9.66065,54.51255,,,,"Polymodal, Very Poorly Sorted",Sandy Mud,Very Fine Sandy Very Coarse Silt,78.88,124.6,2.576,9.645,23.84,5.867,-0.315,2.434,5.391,2.553,0.315,2.434,24.25,6.03,-0.165,0.95,5.366,2.592,0.165,0.95,Coarse Silt,Very Poorly Sorted,Fine Skewed,Mesokurtic,63.49,7.43,20.73,3.979,7.074,5.594,2.009,30.3,231.8,115.4,229.8,12.99,78.5,2.109,5.045,8.959,4.248,6.85,2.04,3.699,0.0,33.8,66.2,0.0,0.0,0.0,0.0,0.0,0.0,2.6,6.6,7.5,17.1,15.8,11.1,11.2,11.1,7.2,9.8,,5.92,,,,-0.11917102417626155,0.04099137737476506
20170330_G30,,,,,,,,,,,,,3.32,9.6789,54.5194833333333,,,,"Bimodal, Very Poorly Sorted",Sandy Mud,Very Fine Sandy Very Coarse Silt,51.14,39.31,0.283,1.977,26.25,4.627,-1.181,3.5,5.252,2.21,1.181,3.5,28.23,4.329,-0.629,0.931,5.146,2.114,0.629,0.931,Coarse Silt,Very Poorly Sorted,Very Fine Skewed,Mesokurtic,83.99,8.157,,3.575,6.939,,2.317,51.69,104.1,44.94,101.8,7.929,71.83,3.264,4.274,8.754,2.682,5.49,1.829,2.987,0.0,41.8,58.2,0.0,0.0,0.0,0.0,0.0,0.0,0.0,0.0,2.8,39.0,19.7,8.9,7.8,7.4,5.6,8.8,,5.0605,,,,-0.20614748357482704,0.20736254715444102
20170330_G31,,,,,,,,,,,,,3.7,9.67101666666667,54.5204166666667,,,,"Trimodal, Very Poorly Sorted",Sandy Mud,Very Fine Sandy Very Coarse Silt,31.23,28.36,0.562,1.894,14.83,4.517,-0.778,2.771,6.075,2.175,0.778,2.771,15.92,4.39,-0.33,0.796,5.973,2.134,0.33,0.796,Coarse Silt,Very Poorly Sorted,Very Fine Skewed,Platykurtic,69.69,30.1,8.157,3.844,5.055,6.939,1.609,20.65,73.07,45.41,71.46,10.73,52.39,3.775,5.598,9.28,2.458,5.505,1.832,3.424,0.0,20.3,79.7,0.0,0.0,0.0,0.0,0.0,0.0,0.0,0.0,0.0,20.3,21.4,13.3,13.0,12.2,8.1,11.7,,6.829,,,,-0.3063067020631728,0.006478424400364193
20170330_G32,,,,,,,,,,,,,2.95,9.6678,54.5213833333333,,,,"Unimodal, Poorly Sorted",Slightly Gravelly Sand,Slightly Very Fine Gravelly Medium Sand,410.1,291.1,2.57,13.2,295.8,3.079,-3.02,15.02,1.757,1.622,3.02,15.02,353.6,2.149,-0.245,2.073,1.5,1.104,0.245,2.073,Medium Sand,Poorly Sorted,Fine Skewed,Very Leptokurtic,340.3,,,1.557,,,160.0,355.0,692.4,4.328,532.4,1.943,240.5,0.53,1.494,2.644,4.986,2.114,1.946,0.958,0.3,93.5,6.1,0.0,0.0,0.0,0.0,0.3,2.6,21.5,51.8,15.4,2.3,1.1,1.0,1.3,1.1,0.6,1.1,,0.759,,,,0.5832443059771689,-0.21622780077395096
20170330_G4,,,,,,,,,,,,,3.84,9.66811666666667,54.5156833333333,,,,"Trimodal, Poorly Sorted",Mud,Very Coarse Silt,21.77,22.79,1.291,3.895,10.91,3.814,-0.478,2.565,6.518,1.931,0.478,2.565,11.57,3.947,-0.108,0.885,6.434,1.981,0.108,0.885,Medium Silt,Poorly Sorted,Fine Skewed,Platykurtic,52.68,8.157,18.88,4.248,6.939,5.728,1.635,11.89,57.65,35.27,56.02,7.461,29.62,4.116,6.394,9.257,2.249,5.14,1.595,2.899,0.0,7.7,92.3,0.0,0.0,0.0,0.0,0.0,0.0,0.0,0.0,0.0,7.6,19.3,16.4,18.2,16.7,9.9,11.9,,7.9975,,,,-0.32279635002465257,-0.08200496464541357
20170330_G5,,,,,,,,,,,,,3.44,9.67531666666667,54.5153833333333,,,,"Unimodal, Moderately Well Sorted",Sand,Moderately Well Sorted Medium Sand,262.5,117.7,1.226,8.037,220.3,2.332,-4.267,26.3,2.182,1.222,4.267,26.3,247.2,1.54,-0.147,1.451,2.017,0.623,0.147,1.451,Fine Sand,Moderately Well Sorted,Fine Skewed,Leptokurtic,257.2,,,1.96,,,148.9,249.6,393.9,2.646,245.0,1.603,118.0,1.344,2.002,2.748,2.044,1.404,1.407,0.68,0.0,96.2,3.8,0.0,0.0,0.0,0.0,0.0,0.1,3.6,46.1,43.2,3.1,0.8,0.6,0.5,0.5,0.4,1.0,,0.7315,,,,0.5826470485550873,-0.007418577235475117
20170330_G6,,,,,,,,,,,,,3.37,9.67761666666667,54.5154666666667,,,,"Unimodal, Moderately Well Sorted",Sand,Moderately Well Sorted Medium Sand,278.1,131.7,1.015,5.56,228.9,2.443,-4.083,24.45,2.127,1.289,4.083,24.45,259.1,1.603,-0.092,1.421,1.949,0.681,0.092,1.421,Medium Sand,Moderately Well Sorted,Symmetrical,Leptokurtic,257.2,,,1.96,,,151.6,257.7,444.9,2.935,293.3,1.682,136.1,1.168,1.956,2.722,2.329,1.553,1.477,0.75,0.0,95.9,4.1,0.0,0.0,0.0,0.0,0.0,0.0,6.4,46.8,40.2,2.5,0.9,0.6,0.5,0.6,0.4,1.1,,0.6375,,,,0.5991899161826645,-0.03753697938806085
20170330_G7,,,,,,,,,,,,,3.5,9.6832,54.5146666666667,,,,"Polymodal, Very Poorly Sorted",Muddy Sand,Very Coarse Silty Medium Sand,160.5,194.4,1.871,7.538,52.53,6.766,-0.751,2.793,4.251,2.758,0.751,2.793,53.13,6.799,-0.283,0.863,4.234,2.765,0.283,0.863,Very Coarse Silt,Very Poorly Sorted,Fine Skewed,Platykurtic,310.0,69.69,8.157,1.691,3.844,6.939,3.029,71.61,415.8,137.3,412.8,17.42,245.2,1.266,3.804,8.367,6.609,7.101,3.122,4.123,0.0,54.0,46.0,0.0,0.0,0.0,0.0,0.0,0.7,4.9,20.7,14.4,13.3,12.9,7.7,7.0,6.6,4.6,7.3,,3.924,,,,0.11694787212856925,0.0077897754186938
20170330_G8,,,,,,,,,,,,,3.22,9.68551666666667,54.5150666666667,,,,"Unimodal, Moderately Well Sorted",Sand,Moderately Well Sorted Medium Sand,371.9,160.0,0.806,4.463,320.4,2.142,-4.696,34.09,1.642,1.099,4.696,34.09,348.6,1.502,-0.017,1.15,1.52,0.587,0.017,1.15,Medium Sand,Moderately Well Sorted,Symmetrical,Leptokurtic,340.3,,,1.557,,,209.8,346.9,580.8,2.768,371.0,1.661,178.9,0.784,1.527,2.253,2.874,1.469,1.635,0.732,0.0,97.6,2.4,0.0,0.0,0.0,0.0,0.0,0.1,17.4,63.5,15.3,1.3,0.6,0.4,0.3,0.3,0.3,0.7,,0.6455,,,,0.6169603993240544,-0.2515219203936675
20170330_G9,,,,,,,,,,,,,3.33,9.69,54.51405,,,,"Bimodal, Poorly Sorted",Muddy Sand,Very Coarse Silty Medium Sand,269.5,191.1,1.336,5.351,179.6,3.444,-2.333,9.536,2.477,1.784,2.333,9.536,216.3,2.694,-0.343,2.079,2.209,1.43,0.343,2.079,Fine Sand,Poorly Sorted,Very Fine Skewed,Very Leptokurtic,234.3,864.8,,2.095,0.211,,55.0,235.6,513.4,9.335,458.4,2.286,192.4,0.962,2.086,4.184,4.351,3.223,1.771,1.193,0.0,89.1,10.9,0.0,0.0,0.0,0.0,0.0,0.3,10.4,34.8,34.8,8.8,3.1,1.7,1.6,1.5,1.0,1.9,,0.8405,,,,0.5099124120616245,0.060637414663285476
20170403_G33,,,,,,,,,,,,,7.44,9.70581666666667,54.5176333333333,,,,"Unimodal, Poorly Sorted",Muddy Sand,Very Coarse Silty Medium Sand,358.3,244.3,0.357,2.411,200.9,4.86,-1.996,6.677,2.316,2.281,1.996,6.677,251.0,3.767,-0.57,1.771,1.994,1.913,0.57,1.771,Medium Sand,Poorly Sorted,Very Fine Skewed,Very Leptokurtic,410.1,,,1.288,,,17.7,346.8,699.4,39.52,681.7,3.365,369.8,0.516,1.528,5.82,11.28,5.305,2.889,1.75,0.0,85.3,14.7,0.0,0.0,0.0,0.0,0.0,0.4,27.6,36.1,15.0,6.3,3.0,2.1,2.3,2.5,2.0,2.8,,2.2415,,,,0.46402135884690776,-0.10113322973437852
20170403_G34,,,,,,,,,,,,,5.4,9.70818333333333,54.5176833333333,,,,,,,,,,,,,,,,,,,,,,,,,,,,,,,,,,,,,,,,,,,,,,,,,,,,,,,,,,,,,,,,,,,,,,,0.688,,,,,
20170403_G35,,,,,,,,,,,,,7.29,9.71746666666667,54.5256333333333,,,,"Trimodal, Very Poorly Sorted",Muddy Sand,Very Coarse Silty Fine Sand,200.5,214.6,1.884,6.459,96.01,4.864,-1.405,5.079,3.381,2.282,1.405,5.079,109.5,4.34,-0.292,1.8,3.191,2.118,0.292,1.8,Very Fine Sand,Very Poorly Sorted,Fine Skewed,Very Leptokurtic,101.2,194.4,542.5,3.306,2.364,0.884,8.561,128.9,518.5,60.57,509.9,3.537,173.6,0.948,2.955,6.868,7.248,5.921,1.89,1.822,0.0,76.8,23.2,0.0,0.0,0.0,0.0,0.0,0.7,9.9,13.3,27.4,25.5,6.8,3.6,3.3,3.3,2.3,4.0,,3.587,,,,0.28334005894886705,0.23962839552501808
20170403_G36,,,,,,,,,,,,,7.36,9.71816666666667,54.5284,,,,"Unimodal, Poorly Sorted",Slightly Gravelly Muddy Sand,Slightly Very Fine Gravelly Very Coarse Silty Coarse Sand,444.7,378.0,1.142,3.911,245.8,4.463,-1.988,8.112,2.025,2.158,1.988,8.112,298.9,3.604,-0.366,1.354,1.742,1.85,0.366,1.354,Medium Sand,Poorly Sorted,Very Fine Skewed,Leptokurtic,494.2,,,1.018,,,55.5,356.1,991.0,17.86,935.5,4.412,490.1,0.013,1.49,4.171,321.2,4.158,4.255,2.142,0.0,89.1,10.9,0.0,0.0,0.0,0.0,0.0,9.8,25.8,25.7,16.9,11.0,3.2,1.6,1.5,1.4,1.1,2.1,,1.9605,,,,0.47309683749929454,-0.005655951355716302
20170403_G37,,,,,,,,,,,,,5.73,9.73548333333333,54.5303,,,,"Unimodal, Poorly Sorted",Muddy Sand,Very Coarse Silty Very Fine Sand,84.7,54.21,-0.084,1.965,48.26,4.525,-1.724,5.291,4.373,2.178,1.724,5.291,51.01,3.926,-0.704,1.518,4.293,1.973,0.704,1.518,Very Coarse Silt,Poorly Sorted,Very Fine Skewed,Very Leptokurtic,122.0,,,3.037,,,4.209,91.06,153.0,36.34,148.7,3.574,91.1,2.709,3.457,7.892,2.914,5.183,1.616,1.837,0.0,66.2,33.8,0.0,0.0,0.0,0.0,0.0,0.0,0.0,0.0,26.0,40.1,10.0,5.1,4.7,4.5,3.5,6.1,,3.27,,,,-0.011838215819673177,0.3937947103227955
20170403_G38,,,,,,,,,,,,,5.12,9.73716666666667,54.53275,,,,"Polymodal, Very Poorly Sorted",Muddy Sand,Very Coarse Silty Very Fine Sand,217.5,270.2,1.695,5.05,77.5,6.303,-0.976,3.603,3.69,2.656,0.976,3.603,84.49,6.692,-0.282,1.378,3.565,2.742,0.282,1.378,Very Fine Sand,Very Poorly Sorted,Fine Skewed,Leptokurtic,133.9,542.5,24.98,2.902,0.884,5.325,4.583,111.2,658.6,143.7,654.0,6.424,210.7,0.603,3.168,7.77,12.89,7.167,2.34,2.684,0.0,67.4,32.6,0.0,0.0,0.0,0.0,0.0,2.2,13.7,9.2,20.6,21.8,9.3,5.0,4.7,4.6,3.3,5.7,,3.3735,,,,0.17781522289168877,0.18184391416429235
20170403_G39,,,,,,,,,,,,,8.48,9.73878333333333,54.5360333333333,,,,"Unimodal, Poorly Sorted",Muddy Sand,Very Coarse Silty Fine Sand,260.1,207.2,2.256,11.02,163.1,3.841,-2.207,8.354,2.616,1.941,2.207,8.354,197.9,2.91,-0.424,2.689,2.337,1.541,0.424,2.689,Fine Sand,Poorly Sorted,Very Fine Skewed,Very Leptokurtic,234.3,,,2.095,,,34.96,227.6,481.2,13.76,446.3,2.038,158.1,1.055,2.135,4.838,4.585,3.783,1.609,1.027,0.0,87.4,12.6,0.0,0.0,0.0,0.0,0.0,1.4,7.8,32.5,38.0,7.7,2.9,2.0,1.9,2.0,1.4,2.5,,2.3425,,,,0.48368655126348226,0.06672786153584045
20170403_G40,,,,,,,,,,,,,4.26,9.74108333333333,54.5392333333333,,,,"Trimodal, Very Poorly Sorted",Sandy Mud,Very Fine Sandy Very Coarse Silt,54.44,49.34,0.659,2.401,24.26,5.075,-0.841,2.681,5.365,2.343,0.841,2.681,26.47,4.962,-0.496,0.822,5.24,2.311,0.496,0.822,Coarse Silt,Very Poorly Sorted,Very Fine Skewed,Platykurtic,101.2,7.43,20.73,3.306,7.074,5.594,1.963,44.65,126.3,64.34,124.3,12.09,83.83,2.985,4.485,8.993,3.013,6.008,2.042,3.596,0.0,40.8,59.2,0.0,0.0,0.0,0.0,0.0,0.0,0.0,0.0,10.4,30.4,15.0,9.5,9.2,9.1,6.5,10.0,,5.506,,,,-0.1763972266214942,0.21492070854231723
20170403_G41,,,,,,,,,,,,,6.19,9.74033333333333,54.5395,,,,"Trimodal, Poorly Sorted",Mud,Fine Silt,14.72,16.31,1.576,4.883,7.405,3.66,-0.332,2.406,7.077,1.872,0.332,2.406,7.577,3.851,-0.091,0.911,7.044,1.945,0.091,0.911,Fine Silt,Poorly Sorted,Symmetrical,Mesokurtic,7.43,20.73,47.99,7.074,5.594,4.383,1.175,8.007,40.38,34.35,39.2,6.831,17.73,4.63,6.965,9.733,2.102,5.102,1.496,2.772,0.0,1.9,98.1,0.0,0.0,0.0,0.0,0.0,0.0,0.0,0.0,0.0,1.9,13.2,17.0,18.6,18.9,13.2,17.2,,7.418,,,,-0.33047520423858034,-0.156272018259992
20170403_G42,,,,,,,,,,,,,6.96,9.74505,54.5467166666667,,,,"Bimodal, Very Poorly Sorted",Mud,Medium Silt,21.95,32.15,3.347,19.59,9.483,4.027,-0.261,2.842,6.72,2.01,0.261,2.842,10.1,4.149,-0.012,1.064,6.629,2.053,0.012,1.064,Medium Silt,Very Poorly Sorted,Symmetrical,Mesokurtic,8.157,57.83,,6.939,4.114,,1.442,9.535,60.18,41.74,58.74,6.066,21.01,4.055,6.713,9.438,2.328,5.383,1.49,2.601,0.0,9.3,90.7,0.0,0.0,0.0,0.0,0.0,0.0,0.0,0.2,1.8,7.3,11.9,14.3,21.1,19.7,10.7,13.0,,11.327,,,,-0.2883854928139868,-0.08485624421661643
20170403_G43,,,,,,,,,,,,,5.78,9.74971666666667,54.5489,,,,"Trimodal, Very Poorly Sorted",Sandy Mud,Very Fine Sandy Medium Silt,21.93,27.88,2.021,6.796,10.03,3.928,-0.311,2.702,6.639,1.974,0.311,2.702,10.53,4.127,-0.041,1.068,6.57,2.045,0.041,1.068,Medium Silt,Very Poorly Sorted,Symmetrical,Mesokurtic,8.954,43.72,92.2,6.805,4.517,3.441,1.507,10.48,63.38,42.06,61.87,6.024,21.8,3.98,6.576,9.374,2.355,5.394,1.493,2.591,0.0,10.2,89.8,0.0,0.0,0.0,0.0,0.0,0.0,0.0,0.0,0.8,9.4,11.4,16.6,21.0,17.9,10.1,12.7,,8.9745,,,,-0.2947216889060445,-0.06533766753117536
20170403_G44,,,,,,,,,,,,,3.32,9.75246666666667,54.5523333333333,,,,"Bimodal, Poorly Sorted",Sandy Mud,Very Fine Sandy Medium Silt,25.7,32.34,2.424,9.819,12.45,3.855,-0.609,3.551,6.328,1.947,0.609,3.551,13.63,3.818,-0.08,1.177,6.197,1.933,0.08,1.177,Medium Silt,Poorly Sorted,Symmetrical,Leptokurtic,14.27,57.83,,6.132,4.114,,2.139,13.58,67.39,31.51,65.25,5.008,24.46,3.891,6.203,8.869,2.279,4.978,1.462,2.324,0.0,11.4,88.6,0.0,0.0,0.0,0.0,0.0,0.0,0.0,0.0,2.5,8.9,13.1,20.5,23.3,15.2,7.0,9.3,,10.8425,,,,-0.27640406426827957,-0.05195999511687577
20170403_G45,,,,,,,,,,,,,3.66,9.76078333333333,54.5563833333333,,,,"Unimodal, Poorly Sorted",Mud,Coarse Silt,19.45,15.98,1.241,4.424,12.32,3.162,-1.199,4.591,6.343,1.661,1.199,4.591,13.48,2.985,-0.296,1.236,6.213,1.578,0.296,1.236,Medium Silt,Poorly Sorted,Fine Skewed,Leptokurtic,20.73,,,5.594,,,2.56,15.6,42.21,16.49,39.65,3.647,19.6,4.566,6.002,8.61,1.886,4.044,1.358,1.867,0.0,2.2,97.8,0.0,0.0,0.0,0.0,0.0,0.0,0.0,0.0,0.0,2.2,16.9,30.8,23.8,12.4,5.7,8.2,,9.792,,,,-0.31059095623037186,-0.12654586793671732
20170403_G46,,,,,,,,,,,,,3.77,9.76486666666667,54.5585166666667,,,,"Polymodal, Very Poorly Sorted",Mud,Medium Silt,13.74,15.16,1.441,4.34,6.221,4.343,-0.487,2.286,7.329,2.119,0.487,2.286,6.007,4.748,-0.231,0.857,7.379,2.247,0.231,0.857,Fine Silt,Very Poorly Sorted,Fine Skewed,Platykurtic,8.157,22.76,47.99,6.939,5.459,4.383,0.65,7.815,38.34,58.97,37.69,9.525,18.18,4.705,7.0,10.59,2.25,5.882,1.578,3.252,0.0,0.6,99.4,0.0,0.0,0.0,0.0,0.0,0.0,0.0,0.0,0.0,0.6,13.3,16.9,19.2,18.7,7.0,24.3,,11.956,,,,-0.3282119660539696,-0.1639902550917237
20170403_G47,,,,,,,,,,,,,3.25,9.76603333333333,54.5616333333333,,,,"Unimodal, Poorly Sorted",Muddy Sand,Medium Silty Medium Sand,283.8,201.2,0.812,3.801,155.4,5.079,-1.956,6.364,2.686,2.345,1.956,6.364,177.0,3.981,-0.563,2.679,2.499,1.993,0.563,2.679,Fine Sand,Poorly Sorted,Very Fine Skewed,Very Leptokurtic,257.2,,,1.96,,,9.677,259.0,560.1,57.88,550.4,2.243,210.8,0.836,1.949,6.691,8.002,5.855,1.836,1.165,0.0,82.8,17.2,0.0,0.0,0.0,0.0,0.0,0.2,13.5,39.0,27.2,2.9,2.4,2.5,3.4,3.4,2.2,3.2,,1.419,,,,0.47346100966971877,-0.07959321050660789
20170403_G48,,,,,,,,,,,,,3.74,9.77051666666667,54.5627833333333,,,,"Bimodal, Very Poorly Sorted",Sandy Mud,Fine Sandy Medium Silt,43.12,103.2,4.65,27.78,11.95,4.761,0.155,3.196,6.387,2.251,-0.155,3.196,11.67,4.723,0.038,1.253,6.42,2.24,-0.038,1.253,Medium Silt,Very Poorly Sorted,Symmetrical,Leptokurtic,9.83,177.1,,6.67,2.499,,1.613,11.42,85.81,53.2,84.19,6.064,23.99,3.543,6.453,9.276,2.618,5.733,1.508,2.6,0.0,12.9,87.1,0.0,0.0,0.0,0.0,0.0,0.0,1.7,2.1,5.0,4.1,10.5,17.3,21.1,17.1,9.3,11.8,,8.286,,,,-0.2243739422464021,-0.12773184318380898
20170403_G49,,,,,,,,,,,,,3.79,9.77108333333333,54.5631333333333,,,,"Trimodal, Very Poorly Sorted",Mud,Medium Silt,20.1,30.81,3.454,17.46,8.376,4.165,-0.234,2.591,6.9,2.058,0.234,2.591,8.367,4.263,-0.11,0.954,6.901,2.092,0.11,0.954,Medium Silt,Very Poorly Sorted,Fine Skewed,Mesokurtic,8.157,18.88,161.4,6.939,5.728,2.633,1.116,9.164,49.56,44.4,48.44,7.334,20.43,4.335,6.77,9.807,2.262,5.472,1.532,2.875,0.0,6.3,93.7,0.0,0.0,0.0,0.0,0.0,0.0,0.0,0.0,2.6,3.7,12.3,17.4,18.4,17.0,11.4,17.2,,9.447,,,,-0.29559306209816716,-0.12672584914637494
20170403_G50,,,,,,,,,,,,,3.61,9.77823333333333,54.5642833333333,,,,"Bimodal, Very Poorly Sorted",Mud,Medium Silt,29.81,65.92,5.486,39.93,10.61,4.231,-0.089,3.24,6.558,2.081,0.089,3.24,10.57,4.229,-0.055,1.207,6.564,2.08,0.055,1.207,Medium Silt,Very Poorly Sorted,Symmetrical,Leptokurtic,10.79,177.1,,6.536,2.499,,1.505,11.2,58.07,38.59,56.57,5.593,21.17,4.106,6.481,9.376,2.283,5.27,1.471,2.484,0.0,9.1,90.9,0.0,0.0,0.0,0.0,0.0,0.0,0.6,1.3,3.2,4.1,11.5,19.1,21.6,17.0,9.3,12.5,,12.2525,,,,-0.2636366723156688,-0.1294895062768358
20170403_G51,,,,,,,,,,,,,3.44,9.77806666666667,54.5647833333333,,,,"Bimodal, Poorly Sorted",Sandy Mud,Very Fine Sandy Coarse Silt,28.54,36.59,2.769,12.28,13.8,3.89,-0.606,3.296,6.179,1.96,0.606,3.296,14.52,3.857,-0.174,1.139,6.106,1.948,0.174,1.139,Medium Silt,Poorly Sorted,Fine Skewed,Leptokurtic,20.73,147.0,,5.594,2.768,,2.044,16.32,66.43,32.5,64.38,5.355,28.49,3.912,5.937,8.934,2.284,5.022,1.501,2.421,0.0,11.1,88.9,0.0,0.0,0.0,0.0,0.0,0.0,0.0,0.1,3.6,7.5,17.2,23.1,19.6,12.5,6.8,9.6,,10.323,,,,-0.26822547620124515,-0.05839686934135099
20170403_G52,,,,,,,,,,,,,3.66,9.77831666666667,54.5647833333333,,,,"Polymodal, Very Poorly Sorted",Mud,Medium Silt,23.93,33.93,3.209,17.19,10.38,4.151,-0.357,2.73,6.59,2.054,0.357,2.73,10.7,4.239,-0.111,0.996,6.547,2.084,0.111,0.996,Medium Silt,Very Poorly Sorted,Fine Skewed,Mesokurtic,8.954,18.88,43.72,6.805,5.728,4.517,1.374,11.41,59.58,43.36,58.2,6.918,25.4,4.069,6.453,9.507,2.336,5.438,1.55,2.79,0.0,9.1,90.9,0.0,0.0,0.0,0.0,0.0,0.0,0.0,0.1,2.6,6.4,14.7,17.7,19.0,16.2,9.6,13.6,,10.309,,,,-0.2890122911064625,-0.09081126365578224
20170403_G53,,,,,,,,,,,,,3.22,9.7818,54.5596666666667,,,,"Trimodal, Very Poorly Sorted",Sandy Mud,Very Fine Sandy Medium Silt,24.77,26.33,1.301,3.741,12.09,3.99,-0.579,2.846,6.37,1.997,0.579,2.846,13.15,4.105,-0.125,0.95,6.249,2.037,0.125,0.95,Medium Silt,Very Poorly Sorted,Fine Skewed,Mesokurtic,69.69,10.79,17.2,3.844,6.536,5.863,1.728,13.65,68.88,39.85,67.15,7.115,31.61,3.86,6.195,9.176,2.377,5.317,1.594,2.831,0.0,12.7,87.3,0.0,0.0,0.0,0.0,0.0,0.0,0.0,0.0,0.0,12.7,16.0,17.6,18.8,15.1,8.6,11.1,,9.46,,,,-0.31258244072336466,-0.034875873666197495
20170403_G54,,,,,,,,,,,,,3.36,9.78611666666667,54.5625333333333,,,,"Bimodal, Very Poorly Sorted",Mud,Medium Silt,18.97,23.03,1.872,6.178,8.802,3.952,-0.346,2.567,6.828,1.983,0.346,2.567,9.095,4.173,-0.081,0.997,6.781,2.061,0.081,0.997,Medium Silt,Very Poorly Sorted,Symmetrical,Mesokurtic,8.954,17.2,,6.805,5.863,,1.249,9.511,53.77,43.04,52.52,6.656,20.66,4.217,6.716,9.644,2.287,5.428,1.51,2.735,0.0,7.5,92.5,0.0,0.0,0.0,0.0,0.0,0.0,0.0,0.0,0.1,7.4,12.3,16.5,19.6,17.8,11.1,15.3,,11.1675,,,,-0.3120645415751462,-0.09460288195932616
20170403_G55,,,,,,,,,,,,,3.23,9.78458333333333,54.5625666666667,,,,"Unimodal, Moderately Sorted",Slightly Gravelly Sand,Slightly Very Fine Gravelly Medium Sand,324.1,193.3,2.108,11.62,260.3,2.423,-3.683,23.62,1.942,1.277,3.683,23.62,287.2,1.685,0.026,1.241,1.8,0.753,-0.026,1.241,Medium Sand,Moderately Sorted,Symmetrical,Leptokurtic,257.2,,,1.96,,,156.0,279.6,559.2,3.585,403.2,1.858,179.4,0.839,1.838,2.681,3.196,1.842,1.655,0.894,0.0,96.6,3.4,0.0,0.0,0.0,0.0,0.0,0.9,12.7,46.6,33.8,2.6,0.8,0.5,0.5,0.4,0.4,0.9,,0.485,,,,0.6223824031454097,-0.07921207365200719
20170403_G56,,,,,,,,,,,,,3.79,9.78473333333333,54.5675166666667,,,,"Trimodal, Very Poorly Sorted",Sandy Mud,Very Fine Sandy Very Coarse Silt,28.16,33.27,2.042,7.794,13.01,4.164,-0.54,2.793,6.264,2.058,0.54,2.793,13.66,4.232,-0.161,0.963,6.193,2.081,0.161,0.963,Medium Silt,Very Poorly Sorted,Fine Skewed,Mesokurtic,52.68,18.88,11.85,4.248,5.728,6.401,1.675,15.17,70.2,41.91,68.52,7.458,34.85,3.832,6.043,9.222,2.406,5.389,1.625,2.899,0.0,12.8,87.2,0.0,0.0,0.0,0.0,0.0,0.0,0.0,0.0,2.7,10.1,18.5,17.9,17.7,13.7,8.1,11.4,,9.9665,,,,-0.2833329388259651,-0.036294381737997795
20170403_G57,,,,,,,,,,,,,3.81,9.79116666666667,54.5687666666667,,,,"Trimodal, Very Poorly Sorted",Mud,Very Coarse Silt,20.99,21.93,1.279,3.856,10.19,4.036,-0.54,2.552,6.617,2.013,0.54,2.552,10.65,4.201,-0.182,0.892,6.552,2.071,0.182,0.892,Medium Silt,Very Poorly Sorted,Fine Skewed,Platykurtic,52.68,20.73,9.83,4.248,5.594,6.67,1.32,12.14,55.87,42.33,54.55,7.91,28.01,4.162,6.365,9.565,2.298,5.404,1.601,2.984,0.0,7.0,93.0,0.0,0.0,0.0,0.0,0.0,0.0,0.0,0.0,0.0,7.0,18.7,18.1,17.2,14.7,9.9,14.4,,9.659,,,,-0.3254307268649216,-0.08891986018796433
20170403_G58,,,,,,,,,,,,,3.4,9.77946666666667,54.5716666666667,,,,"Trimodal, Poorly Sorted",Mud,Medium Silt,11.83,11.51,1.154,3.443,6.337,3.619,-0.57,2.612,7.302,1.855,0.57,2.612,6.624,3.755,-0.198,0.898,7.238,1.909,0.198,0.898,Fine Silt,Poorly Sorted,Fine Skewed,Platykurtic,33.05,9.83,15.67,4.921,6.67,5.997,0.967,7.605,30.6,31.65,29.64,6.634,15.16,5.03,7.039,10.01,1.991,4.984,1.47,2.73,0.0,0.0,100.0,0.0,0.0,0.0,0.0,0.0,0.0,0.0,0.0,0.0,0.0,9.4,19.5,20.3,18.3,12.9,19.6,,10.8745,,,,-0.33376875281746227,-0.22010379409848618
20170403_G59,,,,,,,,,,,,,3.61,9.80093333333333,54.57265,,,,"Trimodal, Very Poorly Sorted",Sandy Mud,Very Fine Sandy Medium Silt,37.48,47.4,1.732,5.381,15.39,4.498,-0.378,2.704,6.022,2.169,0.378,2.704,16.67,4.651,-0.015,0.949,5.907,2.218,0.015,0.949,Coarse Silt,Very Poorly Sorted,Symmetrical,Mesokurtic,10.79,63.49,133.9,6.536,3.979,2.902,2.063,15.48,113.2,54.87,111.1,8.713,46.38,3.143,6.014,8.921,2.838,5.778,1.734,3.123,0.0,21.5,78.5,0.0,0.0,0.0,0.0,0.0,0.0,0.0,0.0,8.1,13.4,12.5,15.7,18.9,14.4,7.4,9.6,,4.938,,,,-0.2256545385720111,0.033387999155457794
20170403_G60,,,,,,,,,,,,,5.69,9.82668333333333,54.5871166666667,,,,"Unimodal, Very Poorly Sorted",Muddy Sand,Very Coarse Silty Fine Sand,151.2,135.0,1.857,9.127,72.63,5.382,-1.448,4.44,3.783,2.428,1.448,4.44,72.39,4.89,-0.628,1.411,3.788,2.29,0.628,1.411,Very Fine Sand,Very Poorly Sorted,Very Fine Skewed,Leptokurtic,177.1,,,2.499,,,4.691,138.7,289.1,61.62,284.4,4.725,164.8,1.791,2.85,7.736,4.32,5.945,1.992,2.24,0.0,71.9,28.1,0.0,0.0,0.0,0.0,0.0,0.1,2.8,12.7,39.7,16.6,5.3,4.5,4.8,4.7,3.5,5.4,,2.7035,,,,0.24179101744046286,0.24464663963019626
20170403_G61,,,,,,,,,,,,,5.59,9.82746666666667,54.5876333333333,,,,"Polymodal, Very Poorly Sorted",Sandy Mud,Very Fine Sandy Fine Silt,30.27,46.8,2.454,9.037,10.42,4.831,-0.081,2.366,6.585,2.272,0.081,2.366,10.54,5.19,0.015,0.954,6.569,2.376,-0.015,0.954,Medium Silt,Very Poorly Sorted,Symmetrical,Mesokurtic,7.43,18.88,43.72,7.074,5.728,4.517,1.223,10.18,90.65,74.14,89.42,9.647,30.17,3.464,6.618,9.676,2.794,6.212,1.668,3.27,0.0,15.0,85.0,0.0,0.0,0.0,0.0,0.0,0.0,0.0,0.2,5.9,8.9,11.2,14.3,16.1,16.2,11.2,15.9,,7.5365,,,,-0.24097286776790544,-0.04824384856687751
20170403_G62,,,,,,,,,,,,,4.99,9.83521666666667,54.59025,,,,,,,,,,,,,,,,,,,,,,,,,,,,,,,,,,,,,,,,,,,,,,,,,,,,,,,,,,,,,,,,,,,,,,,2.0145,,,,,
20170403_G63,,,,,,,,,,,,,7.51,9.84145,54.5934166666667,,,,"Bimodal, Very Poorly Sorted",Mud,Medium Silt,17.42,20.7,1.794,5.847,8.155,3.924,-0.325,2.452,6.938,1.972,0.325,2.452,8.35,4.137,-0.089,0.937,6.904,2.048,0.089,0.937,Medium Silt,Very Poorly Sorted,Symmetrical,Mesokurtic,8.157,18.88,,6.939,5.728,,1.181,8.869,48.38,40.98,47.2,7.247,20.12,4.37,6.817,9.726,2.226,5.357,1.527,2.857,0.0,5.8,94.2,0.0,0.0,0.0,0.0,0.0,0.0,0.0,0.0,0.0,5.8,12.6,16.8,18.4,17.6,12.2,16.7,,10.427,,,,-0.31874934417362993,-0.1140737413360227
20170403_G64,,,,,,,,,,,,,3.39,9.84833333333333,54.5978666666667,,,,"Trimodal, Very Poorly Sorted",Sandy Mud,Very Fine Sandy Coarse Silt,25.96,30.11,1.5,4.604,11.19,4.423,-0.391,2.346,6.482,2.145,0.391,2.346,11.68,4.668,-0.125,0.858,6.42,2.223,0.125,0.858,Medium Silt,Very Poorly Sorted,Fine Skewed,Platykurtic,63.49,20.73,8.157,3.979,5.594,6.939,1.332,12.72,73.39,55.1,72.06,9.799,34.72,3.768,6.297,9.552,2.535,5.784,1.702,3.293,0.0,13.9,86.1,0.0,0.0,0.0,0.0,0.0,0.0,0.0,0.0,0.8,13.1,15.6,16.0,15.3,14.3,10.3,14.5,,8.1375,,,,-0.29717106074282773,-0.019575512004570157
20170403_G65,,,,,,,,,,,,,3.98,9.85538333333333,54.59725,,,,"Trimodal, Very Poorly Sorted",Sandy Mud,Very Fine Sandy Medium Silt,27.86,37.0,2.024,7.172,10.97,4.565,-0.243,2.362,6.51,2.19,0.243,2.362,11.45,4.851,-0.033,0.895,6.448,2.278,0.033,0.895,Medium Silt,Very Poorly Sorted,Symmetrical,Platykurtic,7.43,18.88,69.69,7.074,5.728,3.844,1.337,11.23,80.8,60.45,79.46,9.629,33.39,3.63,6.476,9.547,2.63,5.918,1.688,3.267,0.0,15.4,84.6,0.0,0.0,0.0,0.0,0.0,0.0,0.0,0.0,3.4,12.0,12.7,14.6,16.2,15.9,10.7,14.4,,7.775,,,,-0.2701089199017358,-0.020605116313174732
20170403_G66,,,,,,,,,,,,,4.18,9.8615,54.5985333333333,,,,"Trimodal, Very Poorly Sorted",Mud,Very Coarse Silt,23.27,25.09,1.419,4.727,10.9,4.144,-0.469,2.385,6.519,2.051,0.469,2.385,11.36,4.313,-0.171,0.844,6.461,2.109,0.171,0.844,Medium Silt,Very Poorly Sorted,Fine Skewed,Platykurtic,52.68,22.76,8.157,4.248,5.459,6.939,1.351,12.76,60.33,44.65,58.98,8.908,32.63,4.051,6.292,9.532,2.353,5.481,1.662,3.155,0.0,8.9,91.1,0.0,0.0,0.0,0.0,0.0,0.0,0.0,0.0,0.2,8.7,19.7,17.0,15.6,14.8,9.8,14.2,,2.12,,,,-0.3140553682307973,-0.06886072783826723
20170403_G67,,,,,,,,,,,,,3.99,9.86673333333333,54.60085,,,,"Trimodal, Poorly Sorted",Mud,Medium Silt,15.39,17.21,1.671,5.33,7.763,3.667,-0.383,2.562,7.009,1.874,0.383,2.562,7.979,3.819,-0.101,0.953,6.97,1.933,0.101,0.953,Medium Silt,Poorly Sorted,Fine Skewed,Mesokurtic,8.157,18.88,52.68,6.939,5.728,4.248,1.242,8.502,41.96,33.8,40.72,6.397,17.76,4.575,6.878,9.653,2.11,5.079,1.481,2.677,0.0,2.9,97.1,0.0,0.0,0.0,0.0,0.0,0.0,0.0,0.0,0.0,2.9,12.6,17.5,19.5,18.8,12.7,15.9,,7.626,,,,-0.32772763884883144,-0.14585442693012038
20170403_G68,,,,,,,,,,,,,4.27,9.87276666666667,54.6026333333333,,,,"Unimodal, Poorly Sorted",Mud,Medium Silt,18.43,25.38,2.986,14.51,8.54,3.819,-0.306,2.806,6.872,1.933,0.306,2.806,8.738,3.907,-0.08,1.053,6.839,1.966,0.08,1.053,Medium Silt,Poorly Sorted,Symmetrical,Mesokurtic,8.954,,,6.805,,,1.328,9.147,47.2,35.54,45.88,5.824,18.08,4.405,6.773,9.556,2.169,5.151,1.461,2.542,0.0,6.0,94.0,0.0,0.0,0.0,0.0,0.0,0.0,0.0,0.0,1.1,4.9,11.0,17.1,20.9,19.1,11.5,14.4,,7.637,,,,-0.2998240546370978,-0.12411914190615847
20170403_G69,,,,,,,,,,,,,3.88,9.87238333333333,54.6047166666667,,,,,,,,,,,,,,,,,,,,,,,,,,,,,,,,,,,,,,,,,,,,,,,,,,,,,,,,,,,,,,,,,,,,,,,1.7065,,,,,
20170403_G70,,,,,,,,,,,,,4.24,9.88261666666667,54.6051666666667,,,,,,,,,,,,,,,,,,,,,,,,,,,,,,,,,,,,,,,,,,,,,,,,,,,,,,,,,,,,,,,,,,,,,,,1.6055,,,,,
20170403_G71,,,,,,,,,,,,,4.08,9.88273333333333,54.60795,,,,"Trimodal, Poorly Sorted",Mud,Medium Silt,20.01,21.33,1.45,4.438,10.01,3.873,-0.587,2.882,6.642,1.954,0.587,2.882,10.68,3.97,-0.146,0.983,6.55,1.989,0.146,0.983,Medium Silt,Poorly Sorted,Fine Skewed,Mesokurtic,9.83,18.88,57.83,6.67,5.728,4.114,1.46,11.51,54.16,37.1,52.7,6.485,24.12,4.207,6.442,9.42,2.239,5.214,1.526,2.697,0.0,6.7,93.3,0.0,0.0,0.0,0.0,0.0,0.0,0.0,0.0,0.0,6.7,16.1,18.7,19.5,16.4,9.8,12.9,,7.3585,,,,-0.3239286882360433,-0.09543345937917026
20170403_G72,,,,,,,,,,,,,4.08,9.89356666666667,54.6111666666667,,,,"Trimodal, Poorly Sorted",Mud,Fine Silt,15.11,17.84,1.66,5.045,7.229,3.749,-0.217,2.367,7.112,1.907,0.217,2.367,7.469,3.972,-0.023,0.91,7.065,1.99,0.023,0.91,Fine Silt,Poorly Sorted,Symmetrical,Mesokurtic,6.768,20.73,52.68,7.209,5.594,4.248,1.177,7.363,44.43,37.74,43.26,7.079,17.55,4.492,7.085,9.73,2.166,5.238,1.503,2.824,0.0,3.1,96.9,0.0,0.0,0.0,0.0,0.0,0.0,0.0,0.0,0.0,3.1,13.2,14.5,17.4,19.8,14.4,17.6,,7.46,,,,-0.3251026057124464,-0.1371518786458816
20170403_G73,,,,,,,,,,,,,3.4,9.89606666666667,54.6156666666667,,,,"Trimodal, Poorly Sorted",Mud,Coarse Silt,20.05,19.84,1.29,4.066,10.62,3.713,-0.668,2.928,6.557,1.892,0.668,2.928,11.28,3.758,-0.196,0.959,6.47,1.91,0.196,0.959,Medium Silt,Poorly Sorted,Fine Skewed,Mesokurtic,36.28,20.73,10.79,4.786,5.594,6.536,1.603,12.68,50.51,31.51,48.9,6.296,25.33,4.307,6.302,9.285,2.156,4.978,1.525,2.654,0.0,4.9,95.1,0.0,0.0,0.0,0.0,0.0,0.0,0.0,0.0,0.0,4.9,19.0,20.3,19.1,15.5,9.2,11.9,,6.346,,,,-0.3269485154815259,-0.11055698774791611
20170403_G74,,,,,,,,,,,,,3.25,9.90761666666667,54.62045,,,,"Unimodal, Very Poorly Sorted",Muddy Sand,Very Coarse Silty Very Fine Sand,64.97,47.98,0.398,2.363,35.62,4.383,-1.403,4.262,4.811,2.132,1.403,4.262,37.66,4.065,-0.601,1.191,4.731,2.023,0.601,1.191,Very Coarse Silt,Very Poorly Sorted,Very Fine Skewed,Leptokurtic,92.2,,,3.441,,,3.29,63.37,130.4,39.62,127.1,5.032,79.62,2.939,3.98,8.248,2.806,5.308,1.7,2.331,0.0,50.6,49.4,0.0,0.0,0.0,0.0,0.0,0.0,0.0,0.0,12.0,38.6,18.4,8.4,6.0,5.4,4.3,6.9,,3.203,,,,-0.12199647468626935,0.2913690047338771
20170405_R10_2cm,,,,,,,,,,,,,4.29,9.69443333333333,54.52215,,,,"Unimodal, Moderately Sorted",Sand,Moderately Sorted Fine Sand,193.1,101.1,1.331,7.154,153.1,2.602,-3.411,17.62,2.707,1.38,3.411,17.62,174.7,1.742,-0.324,1.665,2.517,0.801,0.324,1.665,Fine Sand,Moderately Sorted,Very Fine Skewed,Very Leptokurtic,194.4,,,2.364,,,84.34,185.8,289.7,3.435,205.4,1.726,99.3,1.787,2.428,3.568,1.996,1.78,1.378,0.787,0.0,93.1,6.9,0.0,0.0,0.0,0.0,0.0,0.0,2.4,17.5,59.4,13.9,2.2,0.9,0.8,0.9,0.7,1.5,,,,,,0.4570671981797099,0.27813446531448965
20170405_R12_6cm,,,,,,,,,,,,,7.44,9.707,54.5177,,,,"Bimodal, Very Poorly Sorted",Slightly Gravelly Muddy Sand,Slightly Very Fine Gravelly Very Coarse Silty Medium Sand,487.0,471.5,1.307,4.166,221.5,5.695,-1.603,5.685,2.175,2.51,1.603,5.685,281.4,4.704,-0.374,1.419,1.829,2.234,0.374,1.419,Medium Sand,Very Poorly Sorted,Very Fine Skewed,Leptokurtic,494.2,177.1,,1.018,2.499,,18.16,349.9,1197.6,65.94,1179.5,5.487,564.9,-0.26,1.515,5.783,-22.224,6.043,5.601,2.456,0.7,84.0,15.3,0.0,0.0,0.0,0.0,0.7,13.6,22.5,22.8,15.6,9.6,3.4,2.4,2.4,2.3,1.8,3.0,,,,,,0.4214959173710669,-0.01262428812209131
20170405_R13_2cm,,,,,,,,,,,,,4.73,9.72465,54.5296666666667,,,,"Polymodal, Very Poorly Sorted",Muddy Sand,Very Coarse Silty Fine Sand,186.1,220.4,2.061,7.408,74.59,5.818,-1.134,3.947,3.745,2.54,1.134,3.947,75.77,5.746,-0.379,1.412,3.722,2.523,0.379,1.412,Very Fine Sand,Very Poorly Sorted,Very Fine Skewed,Leptokurtic,111.1,177.1,494.2,3.172,2.499,1.018,4.828,113.5,492.9,102.1,488.1,5.646,187.8,1.021,3.139,7.694,7.54,6.674,2.171,2.497,0.0,69.0,31.0,0.0,0.0,0.0,0.0,0.0,1.2,8.6,12.5,24.2,22.5,8.0,4.8,4.8,4.5,3.3,5.4,,,,,,0.20881589948206258,0.20084404113052373
20170405_R14_0cm,,,,,,,,,,,,,3.99,9.7638,54.55625,,,,"Bimodal, Very Poorly Sorted",Mud,Medium Silt,20.19,23.99,1.513,4.312,8.915,4.196,-0.336,2.448,6.81,2.069,0.336,2.448,9.459,4.514,-0.056,0.939,6.724,2.174,0.056,0.939,Medium Silt,Very Poorly Sorted,Symmetrical,Mesokurtic,8.157,69.69,,6.939,3.844,,1.166,9.396,61.8,53.01,60.63,7.817,23.81,4.016,6.734,9.744,2.426,5.728,1.571,2.967,0.0,9.7,90.3,0.0,0.0,0.0,0.0,0.0,0.0,0.0,0.0,0.0,9.7,12.9,14.4,18.2,17.6,11.1,16.1,,,,,,-0.31639824764655705,-0.07065057889722999
20170405_R15_3cm,,,,,,,,,,,,,3.81,9.77103333333333,54.56215,,,,"Trimodal, Very Poorly Sorted",Mud,Medium Silt,15.85,16.77,1.269,3.612,7.82,3.864,-0.441,2.437,6.999,1.95,0.441,2.437,8.178,4.094,-0.126,0.896,6.934,2.034,0.126,0.896,Medium Silt,Very Poorly Sorted,Fine Skewed,Platykurtic,47.99,7.43,20.73,4.383,7.074,5.594,1.103,8.763,44.51,40.37,43.41,7.394,20.14,4.49,6.834,9.825,2.188,5.335,1.532,2.886,0.0,1.2,98.8,0.0,0.0,0.0,0.0,0.0,0.0,0.0,0.0,0.0,1.2,17.2,17.0,17.8,17.6,11.9,17.4,,,,,,-0.3369736261381099,-0.1554157683337123
20170405_R16_0cm,,,,,,,,,,,,,3.31,9.77196666666667,54.5646,,,,"Trimodal, Very Poorly Sorted",Sandy Mud,Very Fine Sandy Very Coarse Silt,24.27,28.37,1.604,5.446,10.25,4.583,-0.457,2.477,6.609,2.196,0.457,2.477,10.75,4.786,-0.135,0.87,6.54,2.259,0.135,0.87,Medium Silt,Very Poorly Sorted,Fine Skewed,Platykurtic,63.49,8.157,20.73,3.979,6.939,5.594,1.154,11.72,67.94,58.85,66.79,9.992,32.9,3.879,6.415,9.759,2.515,5.879,1.696,3.321,0.0,12.1,87.9,0.0,0.0,0.0,0.0,0.0,0.0,0.0,0.0,0.6,11.5,16.3,15.3,15.5,14.6,10.3,15.9,,,,,,-0.30328857649380814,-0.03839846813333812
20170405_R8_3.5cmAV,,,,,,,,,,,,,3.74,9.67203333333333,54.51265,,,,"Trimodal, Poorly Sorted",Mud,Medium Silt,15.68,16.66,1.366,4.108,7.889,3.752,-0.42,2.453,6.986,1.908,0.42,2.453,8.228,3.939,-0.114,0.892,6.925,1.978,0.114,0.892,Medium Silt,Poorly Sorted,Fine Skewed,Platykurtic,7.43,43.72,20.73,7.074,4.517,5.594,1.191,8.711,42.74,35.89,41.55,7.164,19.88,4.548,6.843,9.714,2.136,5.166,1.523,2.841,0.0,1.6,98.4,0.0,0.0,0.0,0.0,0.0,0.0,0.0,0.0,0.0,1.6,16.3,17.1,18.1,18.0,12.5,16.5,,,,,,-0.3341660640702948,-0.1558910557417389
20170405_R9_5cm,,,,,,,,,,,,,3.58,9.69021666666667,54.5034333333333,,,,"Trimodal, Very Poorly Sorted",Mud,Very Coarse Silt,22.91,23.04,0.937,2.635,10.85,4.201,-0.533,2.428,6.526,2.071,0.533,2.428,11.46,4.334,-0.173,0.804,6.447,2.116,0.173,0.804,Medium Silt,Very Poorly Sorted,Fine Skewed,Platykurtic,57.83,24.98,8.157,4.114,5.325,6.939,1.357,12.68,60.22,44.39,58.87,9.872,35.71,4.054,6.302,9.526,2.35,5.472,1.71,3.303,0.0,8.4,91.6,0.0,0.0,0.0,0.0,0.0,0.0,0.0,0.0,0.0,8.4,21.9,15.3,15.1,14.7,10.3,14.1,,,,,,-0.32866495866612694,-0.0754954720049312
20170406_R1L_4.5cm,,,,,,,,,,,,,2.74,9.55648333333333,54.5079666666667,,,,"Trimodal, Very Poorly Sorted",Sandy Mud,Fine Sandy Medium Silt,28.55,46.41,2.43,8.381,10.23,4.322,0.119,2.632,6.611,2.112,-0.119,2.632,10.19,4.479,0.099,1.087,6.616,2.163,-0.099,1.087,Medium Silt,Very Poorly Sorted,Symmetrical,Mesokurtic,7.43,43.72,133.9,7.074,4.517,2.902,1.6,9.211,108.5,67.84,106.9,6.653,22.0,3.204,6.762,9.288,2.899,6.084,1.519,2.734,0.0,12.2,87.8,0.0,0.0,0.0,0.0,0.0,0.0,0.0,0.1,7.5,4.6,10.5,12.7,19.8,19.7,12.5,12.6,,,,,,-0.23552825808781186,-0.07645523814901893
20170406_R2_1cm,,,,,,,,,,,,,3.72,9.5742,54.50545,,,,"Trimodal, Poorly Sorted",Mud,Fine Silt,14.07,15.24,1.381,3.923,7.13,3.647,-0.341,2.418,7.132,1.867,0.341,2.418,7.472,3.868,-0.072,0.91,7.064,1.952,0.072,0.91,Fine Silt,Poorly Sorted,Symmetrical,Mesokurtic,43.72,6.768,20.73,4.517,7.209,5.594,1.148,7.599,40.63,35.4,39.48,6.712,16.96,4.621,7.04,9.767,2.113,5.146,1.486,2.747,0.0,0.4,99.6,0.0,0.0,0.0,0.0,0.0,0.0,0.0,0.0,0.0,0.4,15.4,15.1,18.3,19.7,13.7,17.4,,,,,,-0.3346586082254302,-0.1724196045046445
20170406_R3_13.5cm,,,,,,,,,,,,,4.04,9.5863,54.5065166666667,,,,"Trimodal, Poorly Sorted",Sandy Mud,Very Fine Sandy Very Coarse Silt,43.2,31.61,0.058,1.57,23.37,4.309,-1.202,3.493,5.419,2.107,1.202,3.493,26.57,3.931,-0.643,0.95,5.234,1.975,0.643,0.95,Coarse Silt,Poorly Sorted,Very Fine Skewed,Mesokurtic,69.69,33.05,7.43,3.844,4.921,7.074,2.097,44.95,83.66,39.9,81.56,7.322,61.41,3.579,4.475,8.898,2.486,5.318,1.753,2.872,0.0,36.8,63.2,0.0,0.0,0.0,0.0,0.0,0.0,0.0,0.0,0.0,36.7,20.8,11.1,9.6,9.0,3.0,9.7,,,,,,-0.2528917289236378,0.09951745389011701
20170406_R4_3cm,,,,,,,,,,,,,3.01,9.60495,54.50995,,,,"Polymodal, Very Poorly Sorted",Muddy Sand,Very Coarse Silty Medium Sand,177.8,217.2,1.266,3.655,50.01,7.493,-0.555,2.359,4.322,2.906,0.555,2.359,51.74,7.859,-0.209,0.763,4.273,2.974,0.209,0.763,Very Coarse Silt,Very Poorly Sorted,Fine Skewed,Platykurtic,63.49,410.1,161.4,3.979,1.288,2.633,2.598,64.07,518.1,199.5,515.5,29.36,309.7,0.949,3.964,8.589,9.053,7.64,3.971,4.876,0.0,50.9,49.1,0.0,0.0,0.0,0.0,0.0,0.1,11.0,19.3,9.4,11.1,12.9,7.5,7.5,7.8,5.3,8.1,,,,,,0.0873424895105659,-0.05530742843298685
20170406_R5_2.5cmAV,,,,,,,,,,,,,2.97,9.61163333333333,54.5175,,,,"Trimodal, Very Poorly Sorted",Sandy Mud,Very Fine Sandy Very Coarse Silt,31.85,31.71,0.927,2.811,14.63,4.456,-0.609,2.507,6.095,2.156,0.609,2.507,15.45,4.473,-0.229,0.813,6.016,2.161,0.229,0.813,Medium Silt,Very Poorly Sorted,Fine Skewed,Platykurtic,63.49,8.157,24.98,3.979,6.939,5.325,1.645,18.23,79.97,48.62,78.33,10.6,50.45,3.644,5.778,9.248,2.538,5.603,1.817,3.405,0.0,20.2,79.8,0.0,0.0,0.0,0.0,0.0,0.0,0.0,0.0,0.4,19.8,19.4,13.3,14.0,13.2,8.3,11.6,,,,,,-0.29306941601697195,0.036289303125618504
20170406_R6_3cm,,,,,,,,,,,,,3.28,9.61325,54.5194666666667,,,,"Trimodal, Very Poorly Sorted",Mud,Very Coarse Silt,25.76,23.35,0.652,2.07,12.99,4.108,-0.717,2.637,6.266,2.039,0.717,2.637,13.89,4.104,-0.293,0.82,6.17,2.037,0.293,0.82,Medium Silt,Very Poorly Sorted,Fine Skewed,Platykurtic,57.83,24.98,8.157,4.114,5.325,6.939,1.519,17.12,61.27,40.33,59.75,9.027,41.73,4.029,5.868,9.362,2.324,5.334,1.719,3.174,0.0,8.9,91.1,0.0,0.0,0.0,0.0,0.0,0.0,0.0,0.0,0.0,8.9,26.9,15.9,14.6,13.5,7.8,12.3,,,,,,-0.324862270465778,-0.06831715351967362
20170407_R18_5cm,,,,,,,,,,,,,3.67,9.78861666666667,54.5670666666667,,,,"Polymodal, Very Poorly Sorted",Sandy Mud,Very Fine Sandy Very Coarse Silt,23.6,27.32,1.534,4.876,10.07,4.491,-0.392,2.282,6.633,2.167,0.392,2.282,10.81,4.625,-0.129,0.839,6.531,2.209,0.129,0.839,Medium Silt,Very Poorly Sorted,Fine Skewed,Platykurtic,43.72,2.924,8.157,4.517,8.42,6.939,1.218,11.48,63.65,52.25,62.43,11.47,33.57,3.974,6.444,9.681,2.436,5.707,1.739,3.52,0.0,10.3,89.7,0.0,0.0,0.0,0.0,0.0,0.0,0.0,0.0,0.3,10.0,18.8,15.3,13.7,12.5,15.7,13.6,,,,,,-0.29576916140345255,-0.041812842053292526
20170407_R19_0cm,,,,,,,,,,,,,4.88,9.833,54.5897,,,,"Unimodal, Very Poorly Sorted",Muddy Sand,Very Coarse Silty Fine Sand,85.05,64.91,0.131,1.756,39.96,5.394,-1.189,3.36,4.645,2.431,1.189,3.36,42.61,4.997,-0.694,0.907,4.553,2.321,0.694,0.907,Very Coarse Silt,Very Poorly Sorted,Very Fine Skewed,Mesokurtic,147.0,,,2.768,,,2.62,90.24,169.9,64.83,167.2,10.02,124.9,2.558,3.47,8.576,3.353,6.019,2.167,3.325,0.0,59.5,40.5,0.0,0.0,0.0,0.0,0.0,0.0,0.0,0.1,32.8,26.7,7.9,6.4,6.6,6.5,4.9,8.1,,,,,,-0.013564684064329416,0.33233609659448554
20170407_R20_0cm,,,,,,,,,,,,,4.13,9.88095,54.6058666666667,,,,"Trimodal, Very Poorly Sorted",Sandy Mud,Very Fine Sandy Very Coarse Silt,22.54,24.73,1.276,3.756,9.859,4.486,-0.463,2.324,6.664,2.166,0.463,2.324,10.21,4.722,-0.175,0.835,6.614,2.239,0.175,0.835,Medium Silt,Very Poorly Sorted,Fine Skewed,Platykurtic,63.49,20.73,7.43,3.979,5.594,7.074,1.098,11.8,62.56,56.96,61.46,10.38,31.9,3.999,6.406,9.831,2.458,5.832,1.7,3.376,0.0,10.0,90.0,0.0,0.0,0.0,0.0,0.0,0.0,0.0,0.0,0.0,10.0,18.0,16.2,14.6,13.9,10.3,17.0,,,,,,-0.3170450122736427,-0.056992854884322174
20170407_R21_6cm,,,,,,,,,,,,,3.66,9.89643333333333,54.6120333333333,,,,"Trimodal, Very Poorly Sorted",Mud,Very Coarse Silt,17.76,17.69,1.047,3.057,8.671,4.104,-0.6,2.552,6.85,2.037,0.6,2.552,9.111,4.26,-0.221,0.861,6.778,2.091,0.221,0.861,Medium Silt,Very Poorly Sorted,Fine Skewed,Platykurtic,47.99,22.76,9.83,4.383,5.459,6.67,1.076,10.77,46.64,43.35,45.57,8.41,24.79,4.422,6.536,9.86,2.23,5.438,1.596,3.072,0.0,1.6,98.4,0.0,0.0,0.0,0.0,0.0,0.0,0.0,0.0,0.0,1.6,20.7,18.7,16.6,14.7,10.5,17.1,,,,,,-0.3364428377883828,-0.14416027536939408
20170407_R22_2cm,,,,,,,,,,,,,3.6,9.90211666666667,54.6163666666667,,,,"Unimodal, Very Poorly Sorted",Sandy Mud,Very Fine Sandy Very Coarse Silt,29.0,25.89,0.611,2.132,13.7,4.718,-0.902,2.975,6.19,2.238,0.902,2.975,14.75,4.616,-0.418,0.858,6.083,2.207,0.418,0.858,Medium Silt,Very Poorly Sorted,Very Fine Skewed,Platykurtic,63.49,,,3.979,,,1.277,21.64,67.85,53.13,66.57,9.916,45.45,3.882,5.53,9.613,2.477,5.731,1.769,3.31,0.0,14.3,85.7,0.0,0.0,0.0,0.0,0.0,0.0,0.0,0.0,0.0,14.3,26.7,15.4,11.9,10.4,7.6,13.8,,,,,,-0.30921328749128585,-0.015240105864779526
20170407_R23_0.5cm,,,,,,,,,,,,,14.51,9.93651666666667,54.6528333333333,,,,"Unimodal, Very Poorly Sorted",Muddy Sand,Very Coarse Silty Fine Sand,192.8,198.1,1.865,7.395,83.06,5.863,-1.32,4.241,3.59,2.552,1.32,4.241,86.6,5.483,-0.505,1.371,3.529,2.455,0.505,1.371,Very Fine Sand,Very Poorly Sorted,Very Fine Skewed,Leptokurtic,213.5,,,2.23,,,4.953,147.1,436.3,88.07,431.3,5.778,216.1,1.197,2.765,7.657,6.399,6.461,2.307,2.531,0.0,71.2,28.8,0.0,0.0,0.0,0.0,0.0,0.7,6.9,19.3,28.9,15.4,6.9,4.8,4.3,4.1,3.1,5.6,,,,,,0.27545837929824707,0.15378255860747295
20170407_R24_0cm,,,,,,,,,,,,,13.56,9.93931666666667,54.6645,,,,"Polymodal, Very Poorly Sorted",Muddy Sand,Very Coarse Silty Medium Sand,303.9,314.8,1.053,3.229,102.7,7.425,-0.963,3.012,3.284,2.892,0.963,3.012,110.5,7.43,-0.489,0.925,3.178,2.893,0.489,0.925,Very Fine Sand,Very Poorly Sorted,Very Fine Skewed,Mesokurtic,340.3,76.51,36.28,1.557,3.71,4.786,4.472,209.6,805.2,180.0,800.7,16.63,453.7,0.313,2.254,7.805,24.97,7.492,4.86,4.056,0.0,67.7,32.3,0.0,0.0,0.0,0.0,0.0,4.1,19.8,21.4,13.7,8.7,6.7,6.2,5.4,5.0,3.5,5.6,,,,,,0.2577368291164471,-0.05178555666224322
20170407_R25_0cm,,,,,,,,,,,,,5.41,9.99421666666667,54.6771166666667,,,,"Trimodal, Poorly Sorted",Sand,Poorly Sorted Fine Sand,250.9,181.2,2.105,9.181,181.6,2.917,-2.73,13.37,2.461,1.545,2.73,13.37,205.8,2.117,-0.215,1.897,2.281,1.082,0.215,1.897,Fine Sand,Poorly Sorted,Fine Skewed,Very Leptokurtic,234.3,111.1,494.2,2.095,3.172,1.018,89.16,213.4,470.0,5.272,380.8,1.937,141.4,1.089,2.229,3.488,3.202,2.398,1.538,0.954,0.0,92.9,7.1,0.0,0.0,0.0,0.0,0.0,1.1,7.4,28.1,45.0,11.3,1.9,1.1,0.9,0.9,0.8,1.5,,,,,,0.5269064172238311,0.1587094378038081
20170425_G1,,,,,,,,,,,,,2.34,9.55056666666667,54.5102166666667,,,,"Trimodal, Poorly Sorted",Mud,Fine Silt,16.02,19.22,1.802,5.956,7.681,3.722,-0.21,2.406,7.024,1.896,0.21,2.406,8.007,3.955,-0.018,0.936,6.965,1.984,0.018,0.936,Medium Silt,Poorly Sorted,Symmetrical,Mesokurtic,6.768,47.99,18.88,7.209,4.383,5.728,1.255,7.779,46.94,37.42,45.68,6.647,17.8,4.413,7.006,9.639,2.184,5.226,1.49,2.733,0.0,3.9,96.1,0.0,0.0,0.0,0.0,0.0,0.0,0.0,0.0,0.0,3.9,13.5,14.2,18.3,20.2,13.7,16.2,,13.0505,,,,-0.3199519446871562,-0.12974835865712547
20170425_G10,,,,,,,,,,,,,3.51,9.578,54.5076,,,,"Bimodal, Very Poorly Sorted",Sandy Mud,Very Fine Sandy Medium Silt,30.58,31.47,1.049,2.902,14.61,4.15,-0.597,2.785,6.097,2.053,0.597,2.785,15.92,4.218,-0.12,0.867,5.973,2.077,0.12,0.867,Coarse Silt,Very Poorly Sorted,Fine Skewed,Platykurtic,76.51,10.79,,3.71,6.536,,2.016,16.12,82.25,40.79,80.24,8.698,45.98,3.604,5.955,8.954,2.485,5.35,1.731,3.121,0.0,20.0,80.0,0.0,0.0,0.0,0.0,0.0,0.0,0.0,0.0,0.2,19.8,15.2,15.7,18.0,13.9,7.6,9.7,,12.706,,,,-0.2970854092572969,0.029406656519476004
20170425_G11,,,,,,,,,,,,,1.96,9.57136666666667,54.5087833333333,,,,,,,,,,,,,,,,,,,,,,,,,,,,,,,,,,,,,,,,,,,,,,,,,,,,,,,,,,,,,,,,,,,,,,,0.9105,,,,,
20170425_G12,,,,,,,,,,,,,2.72,9.58053333333333,54.5080166666667,,,,"Bimodal, Moderately Sorted",Slightly Gravelly Sand,Slightly Very Fine Gravelly Medium Sand,485.0,359.6,2.497,10.11,376.2,2.445,-3.303,22.78,1.41,1.29,3.303,22.78,400.3,1.732,0.094,1.201,1.321,0.793,-0.094,1.201,Medium Sand,Moderately Sorted,Symmetrical,Leptokurtic,373.6,2002.7,,1.422,-1.0,,212.0,392.4,799.2,3.771,587.3,1.963,273.1,0.323,1.35,2.238,6.923,1.915,2.152,0.973,0.9,96.7,2.5,0.0,0.0,0.0,0.0,0.9,5.1,25.9,51.0,13.6,1.0,0.4,0.3,0.3,0.4,0.3,0.7,,0.949,,,,0.6185578289285383,-0.2683684645125987
20170425_G13,,,,,,,,,,,,,3.78,9.58793333333333,54.5063,,,,"Unimodal, Moderately Sorted",Sand,Moderately Sorted Medium Sand,346.0,200.5,0.965,3.906,265.8,2.71,-3.216,17.15,1.912,1.438,3.216,17.15,305.9,1.889,-0.09,1.326,1.709,0.918,0.09,1.326,Medium Sand,Moderately Sorted,Symmetrical,Leptokurtic,282.4,,,1.826,,,143.2,301.5,632.3,4.416,489.1,2.082,230.3,0.661,1.73,2.804,4.24,2.143,1.901,1.058,0.0,95.3,4.7,0.0,0.0,0.0,0.0,0.0,0.4,18.6,45.2,27.7,3.4,1.0,0.7,0.7,0.8,0.5,1.1,,1.0825,,,,0.609774542897292,-0.1018762272151409
20170425_G14,,,,,,,,,,,,,3.4,9.60158333333333,54.5110333333333,,,,"Trimodal, Very Poorly Sorted",Mud,Medium Silt,18.4,22.28,1.963,7.066,8.54,3.959,-0.344,2.526,6.872,1.985,0.344,2.526,8.912,4.166,-0.086,0.953,6.81,2.059,0.086,0.953,Medium Silt,Very Poorly Sorted,Symmetrical,Mesokurtic,8.157,18.88,52.68,6.939,5.728,4.248,1.216,9.245,51.1,42.03,49.88,6.989,20.73,4.291,6.757,9.684,2.257,5.393,1.522,2.805,0.0,5.7,94.3,0.0,0.0,0.0,0.0,0.0,0.0,0.0,0.0,0.1,5.6,14.0,16.2,18.9,17.7,11.6,15.8,,10.7,,,,-0.3145262641546192,-0.11092049355587744
20170425_G15,,,,,,,,,,,,,3.26,9.60708333333333,54.5147,,,,"Unimodal, Poorly Sorted",Sand,Poorly Sorted Medium Sand,370.3,194.2,0.515,3.287,280.0,2.974,-3.303,16.07,1.836,1.572,3.303,16.07,338.1,2.017,-0.271,1.753,1.565,1.012,0.271,1.753,Medium Sand,Poorly Sorted,Fine Skewed,Very Leptokurtic,340.3,,,1.557,,,156.0,345.0,636.2,4.079,480.3,1.984,239.3,0.652,1.535,2.681,4.109,2.028,1.94,0.989,0.0,94.1,5.9,0.0,0.0,0.0,0.0,0.0,0.1,22.6,50.6,18.6,2.3,1.2,0.9,0.8,0.9,0.7,1.4,,2.0115,,,,0.5902471170352327,-0.19090490053438217
20170425_G16,,,,,,,,,,,,,3.29,9.60311666666667,54.5166,,,,"Polymodal, Very Poorly Sorted",Muddy Sand,Very Coarse Silty Medium Sand,175.0,184.1,1.216,4.334,61.96,6.58,-0.805,2.693,4.013,2.718,0.805,2.693,63.8,6.443,-0.411,0.812,3.97,2.688,0.411,0.812,Very Fine Sand,Very Poorly Sorted,Very Fine Skewed,Platykurtic,282.4,69.69,8.954,1.826,3.844,6.805,3.788,105.2,425.6,112.4,421.8,18.72,271.6,1.232,3.249,8.044,6.527,6.812,3.347,4.227,0.0,59.1,40.9,0.0,0.0,0.0,0.0,0.0,0.1,6.1,24.8,17.1,10.9,8.6,7.1,7.8,7.1,4.3,5.9,,6.2665,,,,0.18265108669555186,-0.008562578984000662
20170425_G17,,,,,,,,,,,,,3.38,9.61458333333333,54.5139333333333,,,,"Trimodal, Very Poorly Sorted",Sandy Mud,Very Fine Sandy Very Coarse Silt,63.04,96.46,3.6,19.2,23.99,4.965,-0.547,2.925,5.381,2.312,0.547,2.925,25.05,4.775,-0.254,0.956,5.319,2.256,0.254,0.956,Coarse Silt,Very Poorly Sorted,Fine Skewed,Mesokurtic,69.69,18.88,10.79,3.844,5.728,6.536,2.612,31.9,141.7,54.25,139.1,9.339,69.05,2.819,4.97,8.581,3.044,5.762,1.873,3.223,0.0,32.9,67.1,0.0,0.0,0.0,0.0,0.0,0.0,1.4,2.6,8.2,20.7,17.4,12.7,13.0,10.2,5.7,8.0,,7.7705,,,,-0.16306225769304145,0.09395264406064552
20170425_G18,,,,,,,,,,,,,3.01,9.6127,54.51725,,,,"Bimodal, Very Poorly Sorted",Sandy Mud,Very Fine Sandy Very Coarse Silt,38.06,35.76,0.767,2.358,18.54,4.308,-0.793,3.045,5.753,2.107,0.793,3.045,20.02,4.184,-0.231,0.848,5.643,2.065,0.231,0.848,Coarse Silt,Very Poorly Sorted,Fine Skewed,Platykurtic,83.99,11.85,,3.575,6.401,,2.405,22.72,92.79,38.58,90.38,9.176,59.95,3.43,5.46,8.7,2.536,5.27,1.821,3.198,0.0,27.8,72.2,0.0,0.0,0.0,0.0,0.0,0.0,0.0,0.0,1.0,26.8,16.3,14.1,15.5,11.5,6.3,8.5,,8.883,,,,-0.2730042331098498,0.0956757169453996
20170425_G19,,,,,,,,,,,,,3.37,9.61431666666667,54.5200666666667,,,,"Bimodal, Poorly Sorted",Sandy Mud,Very Fine Sandy Very Coarse Silt,28.77,27.04,0.868,2.58,14.75,3.996,-0.772,3.055,6.084,1.998,0.772,3.055,16.01,3.955,-0.209,0.884,5.965,1.984,0.209,0.884,Coarse Silt,Poorly Sorted,Fine Skewed,Platykurtic,63.49,15.67,,3.979,5.997,,2.057,17.67,71.16,34.6,69.1,7.805,43.33,3.813,5.822,8.926,2.341,5.113,1.685,2.964,0.0,15.8,84.2,0.0,0.0,0.0,0.0,0.0,0.0,0.0,0.0,0.0,15.8,20.8,16.5,17.4,12.9,7.0,9.6,,10.0015,,,,-0.3123998006823226,-0.009842041157267004
20170425_G2,,,,,,,,,,,,,2.42,9.5535,54.5069333333333,,,,"Polymodal, Very Poorly Sorted",Sandy Mud,Very Fine Sandy Very Coarse Silt,24.97,26.7,1.047,2.829,11.05,4.41,-0.428,2.263,6.5,2.141,0.428,2.263,11.7,4.661,-0.131,0.801,6.417,2.221,0.131,0.801,Medium Silt,Very Poorly Sorted,Fine Skewed,Platykurtic,69.69,7.43,17.2,3.844,7.074,5.863,1.282,12.45,69.59,54.29,68.31,10.82,38.12,3.845,6.328,9.607,2.499,5.762,1.751,3.436,0.0,14.5,85.5,0.0,0.0,0.0,0.0,0.0,0.0,0.0,0.0,0.0,14.5,16.4,14.4,14.9,14.7,10.3,14.9,,11.1565,,,,-0.31738180587142023,-0.03171254767049512
20170425_G20,,,,,,,,,,,,,2.61,9.61106666666667,54.5232833333333,,,,"Unimodal, Moderately Sorted",Slightly Gravelly Sand,Slightly Very Fine Gravelly Medium Sand,422.2,248.8,1.488,6.681,335.3,2.456,-3.425,21.4,1.577,1.296,3.425,21.4,369.0,1.79,-0.096,1.247,1.438,0.84,0.096,1.247,Medium Sand,Moderately Sorted,Symmetrical,Leptokurtic,373.6,,,1.422,,,177.5,373.1,728.1,4.101,550.6,2.005,263.4,0.458,1.422,2.494,5.447,2.036,2.081,1.004,0.0,96.7,3.3,0.0,0.0,0.0,0.0,0.0,3.5,24.8,49.4,16.6,2.4,1.0,0.5,0.4,0.4,0.3,0.7,,0.609,,,,0.6125634789215685,-0.20908215967357385
20170425_G21,,,,,,,,,,,,,2.86,9.61395,54.52535,,,,"Bimodal, Poorly Sorted",Sandy Mud,Very Fine Sandy Very Coarse Silt,29.33,26.64,0.882,2.735,15.65,3.88,-0.894,3.399,5.997,1.956,0.894,3.399,17.11,3.785,-0.246,0.938,5.869,1.92,0.246,0.938,Coarse Silt,Poorly Sorted,Fine Skewed,Mesokurtic,63.49,18.88,,3.979,5.728,,2.309,19.49,70.71,30.62,68.4,6.754,41.2,3.822,5.681,8.758,2.292,4.936,1.631,2.756,0.0,15.0,85.0,0.0,0.0,0.0,0.0,0.0,0.0,0.0,0.0,0.0,15.0,22.9,18.0,17.2,11.8,6.3,8.8,,9.0565,,,,-0.30824943877060057,-0.00703909944129048
20170425_G22,,,,,,,,,,,,,2.52,9.6231,54.5271333333333,,,,"Bimodal, Poorly Sorted",Muddy Sand,Very Coarse Silty Very Fine Sand,156.4,182.3,2.622,9.883,88.73,3.641,-1.656,7.644,3.494,1.864,1.656,7.644,100.4,2.817,-0.165,2.775,3.316,1.494,0.165,2.775,Very Fine Sand,Poorly Sorted,Fine Skewed,Very Leptokurtic,111.1,542.5,,3.172,0.884,,25.01,103.3,423.0,16.91,398.0,2.021,72.7,1.241,3.276,5.321,4.287,4.08,1.363,1.015,0.0,80.0,20.0,0.0,0.0,0.0,0.0,0.0,0.3,7.5,4.9,21.4,45.9,9.1,2.7,2.0,1.9,1.4,2.9,,1.6515,,,,0.18641111067342014,0.36817596213718556
20170425_G23,,,,,,,,,,,,,2.89,9.61951666666667,54.5254833333333,,,,"Unimodal, Poorly Sorted",Sandy Mud,Very Fine Sandy Very Coarse Silt,50.85,35.53,0.275,2.286,29.66,4.047,-1.544,4.963,5.075,2.017,1.544,4.963,32.38,3.606,-0.624,1.163,4.949,1.85,0.624,1.163,Very Coarse Silt,Poorly Sorted,Very Fine Skewed,Leptokurtic,69.69,,,3.844,,,3.697,52.47,97.37,26.34,93.67,4.708,60.09,3.36,4.252,8.079,2.404,4.719,1.602,2.235,0.0,39.3,60.7,0.0,0.0,0.0,0.0,0.0,0.0,0.0,0.0,2.0,37.2,26.5,9.7,8.0,6.2,3.9,6.5,,5.005,,,,-0.19735918466248203,0.1998313982379225
20170425_G24,,,,,,,,,,,,,3.22,9.61621666666667,54.5227666666667,,,,"Bimodal, Poorly Sorted",Sandy Mud,Very Fine Sandy Very Coarse Silt,35.03,35.14,1.62,6.26,18.2,3.976,-0.959,3.893,5.78,1.991,0.959,3.893,19.88,3.747,-0.221,0.999,5.653,1.906,0.221,0.999,Coarse Silt,Poorly Sorted,Fine Skewed,Mesokurtic,63.49,17.2,,3.979,5.863,,2.986,22.02,80.31,26.89,77.32,6.338,45.67,3.638,5.505,8.387,2.305,4.749,1.634,2.664,0.0,19.3,80.7,0.0,0.0,0.0,0.0,0.0,0.0,0.0,0.0,2.8,16.5,21.8,18.5,17.4,10.7,4.9,7.4,,8.821,,,,-0.2665087816393114,0.0277298451159716
20170425_G25,,,,,,,,,,,,,2.76,9.62305,54.5196833333333,,,,"Unimodal, Moderately Sorted",Slightly Gravelly Sand,Slightly Very Fine Gravelly Medium Sand,433.0,332.7,2.006,7.992,319.1,2.642,-2.771,17.77,1.648,1.402,2.771,17.77,345.5,1.976,0.043,1.074,1.533,0.983,-0.043,1.074,Medium Sand,Moderately Sorted,Symmetrical,Mesokurtic,282.4,,,1.826,,,154.2,336.0,835.9,5.422,681.8,2.447,317.3,0.259,1.573,2.697,10.43,2.439,2.438,1.291,0.3,96.6,3.1,0.0,0.0,0.0,0.0,0.3,6.3,21.8,39.1,26.3,3.0,0.8,0.4,0.4,0.4,0.3,0.8,,0.483,,,,0.6241128212380227,-0.11120038053757346
20170425_G26,,,,,,,,,,,,,3.18,9.62008333333333,54.5159666666667,,,,"Bimodal, Poorly Sorted",Sandy Mud,Very Fine Sandy Very Coarse Silt,34.13,30.7,0.776,2.361,18.13,3.937,-0.947,3.622,5.785,1.977,0.947,3.622,20.03,3.79,-0.225,0.915,5.641,1.922,0.225,0.915,Coarse Silt,Poorly Sorted,Fine Skewed,Mesokurtic,76.51,17.2,,3.71,5.863,,2.823,21.98,82.05,29.07,79.23,7.116,50.89,3.607,5.508,8.469,2.348,4.861,1.694,2.831,0.0,22.9,77.1,0.0,0.0,0.0,0.0,0.0,0.0,0.0,0.0,0.1,22.9,18.4,18.0,17.0,10.8,5.3,7.6,,6.6985,,,,-0.292635597953866,0.04805933130291489
20170425_G27,,,,,,,,,,,,,2.76,9.62606666666667,54.5156,,,,"Unimodal, Moderately Sorted",Slightly Gravelly Sand,Slightly Very Fine Gravelly Medium Sand,496.6,327.7,1.838,7.468,388.9,2.438,-3.291,22.51,1.363,1.286,3.291,22.51,421.2,1.828,-0.019,1.249,1.247,0.871,0.019,1.249,Medium Sand,Moderately Sorted,Symmetrical,Leptokurtic,410.1,,,1.288,,,198.6,417.8,885.8,4.459,687.2,2.044,307.2,0.175,1.259,2.332,13.33,2.157,2.406,1.031,0.3,97.2,2.5,0.0,0.0,0.0,0.0,0.3,7.1,29.3,46.5,12.2,2.1,0.7,0.4,0.3,0.3,0.2,0.6,,0.414,,,,0.60423738770415,-0.25001310300281065
20170425_G28,,,,,,,,,,,,,2.89,9.64328333333333,54.5154833333333,,,,"Trimodal, Very Poorly Sorted",Sandy Mud,Very Fine Sandy Very Coarse Silt,45.23,41.83,0.807,2.65,21.7,4.517,-0.868,3.068,5.526,2.175,0.868,3.068,23.99,4.373,-0.367,0.883,5.381,2.128,0.367,0.883,Coarse Silt,Very Poorly Sorted,Very Fine Skewed,Platykurtic,69.69,10.79,18.88,3.844,6.536,5.728,2.448,32.48,108.7,44.41,106.3,9.141,66.21,3.201,4.944,8.674,2.71,5.473,1.851,3.192,0.0,32.1,67.9,0.0,0.0,0.0,0.0,0.0,0.0,0.0,0.0,5.2,26.8,18.6,12.3,12.8,10.1,5.7,8.4,,6.5335,,,,-0.22985378034914952,0.15243510270258878
20170425_G29,,,,,,,,,,,,,2.95,9.64291666666667,54.5184833333333,,,,"Bimodal, Very Poorly Sorted",Sandy Mud,Very Fine Sandy Very Coarse Silt,53.24,53.82,1.162,3.788,24.48,4.576,-0.787,3.116,5.352,2.194,0.787,3.116,26.76,4.411,-0.266,0.884,5.224,2.141,0.266,0.884,Coarse Silt,Very Poorly Sorted,Fine Skewed,Platykurtic,83.99,11.85,,3.575,6.401,,3.125,32.57,132.3,42.35,129.2,9.432,76.11,2.918,4.94,8.322,2.852,5.404,1.911,3.238,0.0,36.1,63.9,0.0,0.0,0.0,0.0,0.0,0.0,0.0,0.2,11.4,24.5,14.5,12.9,14.3,10.2,5.0,7.0,,6.2965,,,,-0.1726346551099424,0.15945550015442225
20170425_G3,,,,,,,,,,,,,2.44,9.55585,54.5087666666667,,,,"Polymodal, Very Poorly Sorted",Sandy Mud,Very Fine Sandy Medium Silt,22.78,27.99,1.616,4.544,10.06,4.069,-0.217,2.331,6.635,2.025,0.217,2.331,9.981,4.262,-0.043,0.913,6.647,2.092,0.043,0.913,Medium Silt,Very Poorly Sorted,Symmetrical,Mesokurtic,83.99,8.157,39.82,3.575,6.939,4.652,1.406,10.23,76.6,54.48,75.2,7.971,26.85,3.706,6.611,9.474,2.556,5.768,1.596,2.995,0.0,13.0,87.0,0.0,0.0,0.0,0.0,0.0,0.0,0.0,0.0,0.0,13.0,11.6,15.1,17.8,17.2,11.0,14.3,,12.8685,,,,-0.30373158054105576,-0.05513943559453299
20170425_G30,,,,,,,,,,,,,2.54,9.64691666666667,54.5191,,,,"Unimodal, Moderately Sorted",Slightly Gravelly Sand,Slightly Very Fine Gravelly Medium Sand,442.0,292.5,1.78,7.551,336.3,2.659,-3.155,18.38,1.572,1.411,3.155,18.38,376.9,1.899,-0.063,1.335,1.408,0.925,0.063,1.335,Medium Sand,Moderately Sorted,Symmetrical,Leptokurtic,340.3,,,1.557,,,177.6,372.3,794.0,4.471,616.4,2.092,284.5,0.333,1.425,2.493,7.492,2.161,2.216,1.065,0.1,96.1,3.9,0.0,0.0,0.0,0.0,0.1,5.2,24.6,47.4,16.3,2.4,1.0,0.6,0.5,0.5,0.4,0.9,,0.581,,,,0.6064172350119895,-0.21377973235574177
20170425_G31,,,,,,,,,,,,,2.42,9.6473,54.5142666666667,,,,"Unimodal, Moderately Well Sorted",Slightly Gravelly Sand,Slightly Very Fine Gravelly Medium Sand,398.9,216.7,2.063,11.78,330.8,2.297,-4.299,31.05,1.596,1.2,4.299,31.05,358.9,1.599,-0.001,1.096,1.478,0.677,0.001,1.096,Medium Sand,Moderately Well Sorted,Symmetrical,Mesokurtic,340.3,,,1.557,,,199.3,356.3,653.2,3.278,454.0,1.827,219.4,0.614,1.489,2.327,3.788,1.713,1.832,0.869,0.0,97.6,2.4,0.0,0.0,0.0,0.0,0.0,1.5,21.5,56.1,17.3,1.2,0.5,0.3,0.3,0.3,0.3,0.7,,0.3395,,,,0.6274597244572014,-0.23457361376208635
20170425_G32,,,,,,,,,,,,,2.93,9.67701666666667,54.4987166666667,,,,"Bimodal, Poorly Sorted",Mud,Medium Silt,13.53,13.77,1.514,4.884,7.375,3.485,-0.557,2.782,7.083,1.801,0.557,2.782,7.618,3.587,-0.172,0.998,7.036,1.843,0.172,0.998,Fine Silt,Poorly Sorted,Fine Skewed,Mesokurtic,8.954,18.88,,6.805,5.728,,1.194,8.544,34.36,28.78,33.17,5.545,15.65,4.863,6.871,9.71,1.997,4.847,1.433,2.471,0.0,0.5,99.5,0.0,0.0,0.0,0.0,0.0,0.0,0.0,0.0,0.0,0.5,11.5,19.1,21.9,19.4,11.8,15.8,,12.8485,,,,-0.33234151396961836,-0.18347541584633043
20170425_G33,,,,,,,,,,,,,3.03,9.69291666666667,54.49465,,,,"Unimodal, Poorly Sorted",Mud,Medium Silt,21.42,23.31,2.088,8.487,11.42,3.624,-0.732,3.478,6.452,1.858,0.732,3.478,12.37,3.572,-0.165,1.105,6.337,1.837,0.165,1.105,Medium Silt,Poorly Sorted,Fine Skewed,Mesokurtic,17.2,,,5.863,,,1.944,13.25,52.78,27.15,50.84,5.0,22.87,4.244,6.238,9.007,2.122,4.763,1.453,2.322,0.0,6.4,93.6,0.0,0.0,0.0,0.0,0.0,0.0,0.0,0.0,0.6,5.9,16.2,21.8,22.4,15.5,7.6,10.0,,11.056,,,,-0.30645327697195474,-0.0966585476779774
20170425_G34,,,,,,,,,,,,,2.99,9.69808333333333,54.4961166666667,,,,"Bimodal, Poorly Sorted",Mud,Coarse Silt,24.01,22.62,1.181,3.559,13.3,3.642,-0.925,3.802,6.233,1.865,0.925,3.802,14.83,3.568,-0.187,1.065,6.075,1.835,0.187,1.065,Medium Silt,Poorly Sorted,Fine Skewed,Mesokurtic,17.2,57.83,,5.863,4.114,,2.318,15.82,60.64,26.16,58.32,5.239,28.67,4.044,5.982,8.753,2.165,4.71,1.496,2.389,0.0,9.1,90.9,0.0,0.0,0.0,0.0,0.0,0.0,0.0,0.0,0.0,9.1,19.3,22.0,21.1,13.4,6.3,8.8,,10.217,,,,-0.31557385231922,-0.058994891029927984
20170425_G35,,,,,,,,,,,,,3.21,9.705,54.4960666666667,,,,"Bimodal, Poorly Sorted",Sandy Mud,Very Fine Sandy Very Coarse Silt,32.5,28.29,0.619,2.106,17.01,4.075,-0.934,3.323,5.877,2.027,0.934,3.323,18.56,3.914,-0.315,0.884,5.752,1.969,0.315,0.884,Coarse Silt,Poorly Sorted,Very Fine Skewed,Platykurtic,69.69,17.2,,3.844,5.863,,2.262,22.73,74.9,33.11,72.64,7.773,49.5,3.739,5.459,8.788,2.35,5.049,1.715,2.958,0.0,20.1,79.9,0.0,0.0,0.0,0.0,0.0,0.0,0.0,0.0,0.0,20.1,22.9,15.5,15.2,11.1,6.2,8.9,,6.9425,,,,-0.30343816471036733,0.019403899260807163
20170425_G36,,,,,,,,,,,,,3.04,9.69786666666667,54.4976666666667,,,,"Bimodal, Poorly Sorted",Sandy Mud,Very Fine Sandy Very Coarse Silt,26.7,24.69,0.873,2.68,13.83,3.988,-0.811,3.084,6.176,1.996,0.811,3.084,14.98,3.944,-0.253,0.905,6.061,1.98,0.253,0.905,Medium Silt,Poorly Sorted,Fine Skewed,Mesokurtic,57.83,18.88,,4.114,5.728,,1.853,17.44,65.07,35.11,63.22,7.444,38.72,3.942,5.841,9.076,2.302,5.134,1.646,2.896,0.0,11.7,88.3,0.0,0.0,0.0,0.0,0.0,0.0,0.0,0.0,0.0,11.7,23.9,17.2,16.7,12.8,7.3,10.4,,9.34,,,,-0.31830680045496185,-0.03895136647990063
20170425_G37,,,,,,,,,,,,,3.07,9.69706666666667,54.4979833333333,,,,"Bimodal, Poorly Sorted",Mud,Coarse Silt,21.84,19.73,1.109,3.405,12.5,3.533,-0.978,3.882,6.322,1.821,0.978,3.882,13.92,3.448,-0.217,1.084,6.167,1.786,0.217,1.084,Medium Silt,Poorly Sorted,Fine Skewed,Mesokurtic,18.88,52.68,,5.728,4.248,,2.205,15.22,53.61,24.31,51.41,4.896,25.53,4.221,6.038,8.825,2.091,4.603,1.462,2.292,0.0,5.3,94.7,0.0,0.0,0.0,0.0,0.0,0.0,0.0,0.0,0.0,5.3,20.5,23.3,21.6,13.6,6.6,9.1,,9.4575,,,,-0.3227371329467768,-0.09411645379721653
20170425_G38,,,,,,,,,,,,,2.28,9.73108333333333,54.5269,,,,"Trimodal, Poorly Sorted",Mud,Medium Silt,19.28,20.27,1.298,3.743,9.678,3.817,-0.502,2.629,6.691,1.932,0.502,2.629,10.31,3.996,-0.12,0.941,6.6,1.998,0.12,0.941,Medium Silt,Poorly Sorted,Fine Skewed,Mesokurtic,57.83,8.954,18.88,4.114,6.805,5.728,1.408,10.78,53.31,37.88,51.91,6.765,23.96,4.229,6.535,9.473,2.24,5.243,1.535,2.758,0.0,5.4,94.6,0.0,0.0,0.0,0.0,0.0,0.0,0.0,0.0,0.0,5.4,17.3,17.4,19.2,17.0,10.3,13.5,,11.551,,,,-0.3312050634782566,-0.10836744094995265
20170425_G39,,,,,,,,,,,,,3.35,9.73946666666667,54.5313166666667,,,,"Trimodal, Very Poorly Sorted",Mud,Medium Silt,20.74,22.89,1.473,4.38,10.1,3.899,-0.483,2.701,6.629,1.963,0.483,2.701,10.84,4.082,-0.101,0.985,6.527,2.029,0.101,0.985,Medium Silt,Very Poorly Sorted,Fine Skewed,Mesokurtic,8.954,17.2,63.49,6.805,5.863,3.979,1.451,11.13,58.59,40.38,57.14,6.557,24.34,4.093,6.489,9.429,2.303,5.335,1.53,2.713,0.0,8.4,91.6,0.0,0.0,0.0,0.0,0.0,0.0,0.0,0.0,0.0,8.4,14.9,17.3,19.8,16.9,9.8,13.0,,11.175,,,,-0.32034742134362443,-0.08013604425381038
20170425_G4,,,,,,,,,,,,,3.26,9.55893333333333,54.5073666666667,,,,"Unimodal, Moderately Sorted",Sand,Moderately Sorted Medium Sand,424.1,200.0,0.741,2.947,378.1,1.627,-0.173,2.327,1.403,0.702,0.173,2.327,380.3,1.66,-0.07,0.926,1.395,0.732,0.07,0.926,Medium Sand,Moderately Sorted,Symmetrical,Mesokurtic,450.2,,,1.153,,,193.0,388.0,718.8,3.725,525.9,2.053,279.6,0.476,1.366,2.374,4.983,1.897,2.186,1.038,0.0,100.0,0.0,0.0,0.0,0.0,0.0,0.0,0.4,30.6,47.3,21.2,0.5,0.0,0.0,0.0,0.0,0.0,0.0,,0.7015,,,,0.6576894279300415,-0.19877928323965488
20170425_G40,,,,,,,,,,,,,4.99,9.74045,54.5394166666667,,,,"Bimodal, Very Poorly Sorted",Mud,Medium Silt,21.34,26.19,1.903,6.336,9.791,4.009,-0.381,2.697,6.674,2.003,0.381,2.697,10.38,4.214,-0.066,1.028,6.591,2.075,0.066,1.028,Medium Silt,Very Poorly Sorted,Symmetrical,Mesokurtic,8.954,52.68,,6.805,4.248,,1.395,10.48,59.87,42.93,58.48,6.485,22.84,4.062,6.577,9.486,2.335,5.424,1.518,2.697,0.0,9.2,90.8,0.0,0.0,0.0,0.0,0.0,0.0,0.0,0.0,0.4,8.8,13.0,16.4,20.2,17.5,10.2,13.5,,6.459,,,,-0.3030339575673031,-0.07132214323687242
20170425_G41,,,,,,,,,,,,,2.55,9.76971666666667,54.57165,,,,"Trimodal, Poorly Sorted",Mud,Medium Silt,15.05,16.16,1.447,4.304,7.669,3.684,-0.432,2.558,7.027,1.881,0.432,2.558,7.96,3.847,-0.115,0.943,6.973,1.944,0.115,0.943,Medium Silt,Poorly Sorted,Fine Skewed,Mesokurtic,8.157,20.73,47.99,6.939,5.594,4.383,1.19,8.494,42.3,35.54,41.11,6.476,17.92,4.563,6.879,9.715,2.129,5.151,1.485,2.695,0.0,1.3,98.7,0.0,0.0,0.0,0.0,0.0,0.0,0.0,0.0,0.0,1.3,14.6,17.3,19.3,18.8,12.5,16.3,,10.298,,,,-0.3344092615436297,-0.15881277856267836
20170425_G42,,,,,,,,,,,,,3.34,9.78811666666667,54.562,,,,"Unimodal, Poorly Sorted",Sand,Poorly Sorted Medium Sand,305.7,172.6,1.207,5.808,228.3,3.026,-3.156,14.56,2.131,1.597,3.156,14.56,277.8,2.154,-0.255,2.46,1.848,1.107,0.255,2.46,Medium Sand,Poorly Sorted,Fine Skewed,Very Leptokurtic,282.4,,,1.826,,,146.5,276.8,522.2,3.565,375.7,1.801,165.5,0.937,1.853,2.771,2.956,1.834,1.595,0.849,0.0,93.4,6.6,0.0,0.0,0.0,0.0,0.0,0.4,11.0,48.3,31.9,1.7,0.9,1.0,1.1,1.3,0.8,1.5,,0.985,,,,0.5893147382772481,-0.08769956809357672
20170425_G43,,,,,,,,,,,,,2.57,9.80423333333333,54.5726333333333,,,,"Polymodal, Very Poorly Sorted",Muddy Sand,Medium Silty Medium Sand,235.8,208.7,0.65,2.372,98.66,6.093,-1.13,3.326,3.341,2.607,1.13,3.326,100.5,6.056,-0.537,0.981,3.315,2.598,0.537,0.981,Very Fine Sand,Very Poorly Sorted,Very Fine Skewed,Mesokurtic,177.1,76.51,8.157,2.499,3.71,6.939,5.469,186.7,546.7,99.95,541.2,10.8,360.4,0.871,2.421,7.514,8.624,6.643,3.577,3.433,0.0,71.2,28.8,0.0,0.0,0.0,0.0,0.0,0.0,14.2,26.3,20.8,9.9,5.2,5.3,5.4,5.1,3.1,4.7,,,,,,0.3002603863348278,0.0014996932952165076
20170425_G44,,,,,,,,,,,,,2.95,9.8047,54.57275,,,,"Polymodal, Very Poorly Sorted",Sandy Mud,Fine Sandy Very Coarse Silt,63.72,65.54,0.985,2.979,25.73,5.348,-0.685,2.531,5.28,2.419,0.685,2.531,28.34,5.397,-0.343,0.815,5.141,2.432,0.343,0.815,Coarse Silt,Very Poorly Sorted,Very Fine Skewed,Platykurtic,147.0,69.69,22.76,2.768,3.844,5.459,2.111,39.91,166.2,78.71,164.1,13.93,99.47,2.589,4.647,8.888,3.433,6.299,2.179,3.8,0.0,40.1,59.9,0.0,0.0,0.0,0.0,0.0,0.0,0.0,0.6,19.9,19.5,13.7,10.6,10.4,9.5,6.3,9.4,,,,,,-0.11142292256499302,0.17968007957635387
20170425_G45,,,,,,,,,,,,,3.64,9.80545,54.5728666666667,,,,"Trimodal, Very Poorly Sorted",Muddy Sand,Very Coarse Silty Fine Sand,88.87,86.09,2.354,15.25,39.42,5.36,-1.006,3.003,4.665,2.422,1.006,3.003,41.82,5.067,-0.629,0.864,4.579,2.341,0.629,0.864,Very Coarse Silt,Very Poorly Sorted,Very Fine Skewed,Platykurtic,147.0,7.43,20.73,2.768,7.074,5.594,2.765,83.56,181.6,65.69,178.9,11.2,126.9,2.461,3.581,8.499,3.453,6.038,2.226,3.485,0.0,56.6,43.4,0.0,0.0,0.0,0.0,0.0,0.0,0.9,0.6,29.8,25.3,9.3,6.9,7.0,7.3,5.2,7.6,,3.055,,,,-0.005489614143126683,0.2934581611492417
20170425_G46,,,,,,,,,,,,,6.23,9.8148,54.58115,,,,"Trimodal, Very Poorly Sorted",Mud,Very Coarse Silt,17.21,18.52,1.357,4.137,8.305,3.95,-0.423,2.386,6.912,1.982,0.423,2.386,8.588,4.159,-0.126,0.868,6.864,2.056,0.126,0.868,Medium Silt,Very Poorly Sorted,Fine Skewed,Platykurtic,43.72,7.43,20.73,4.517,7.074,5.594,1.139,9.248,46.68,41.0,45.54,8.06,22.89,4.421,6.757,9.779,2.212,5.357,1.573,3.011,0.0,3.1,96.9,0.0,0.0,0.0,0.0,0.0,0.0,0.0,0.0,0.0,3.1,17.6,16.8,17.0,16.9,11.6,16.9,,5.9145,,,,-0.3312412602496736,-0.1345342300757695
20170425_G47,,,,,,,,,,,,,7.82,9.81646666666667,54.5816,,,,,,,,,,,,,,,,,,,,,,,,,,,,,,,,,,,,,,,,,,,,,,,,,,,,,,,,,,,,,,,,,,,,,,,,,,,,
20170425_G48,,,,,,,,,,,,,5.98,9.82253333333333,54.5849166666667,,,,"Polymodal, Very Poorly Sorted",Sandy Mud,Very Fine Sandy Medium Silt,25.01,27.23,1.185,3.405,11.43,4.124,-0.308,2.106,6.451,2.044,0.308,2.106,11.88,4.439,-0.091,0.792,6.395,2.15,0.091,0.792,Medium Silt,Very Poorly Sorted,Symmetrical,Platykurtic,69.69,8.157,27.42,3.844,6.939,5.19,1.465,12.26,69.82,47.67,68.36,9.809,36.0,3.84,6.35,9.415,2.452,5.575,1.71,3.294,0.0,14.7,85.3,0.0,0.0,0.0,0.0,0.0,0.0,0.0,0.0,0.2,14.5,14.8,15.4,15.7,15.2,10.2,14.0,,,,,,-0.3113452322542034,-0.03705786137496581
20170425_G49,,,,,,,,,,,,,3.35,9.8953,54.6192166666667,,,,"Trimodal, Very Poorly Sorted",Sandy Mud,Very Fine Sandy Very Coarse Silt,25.17,25.35,1.027,2.938,12.11,4.16,-0.605,2.648,6.368,2.057,0.605,2.648,13.0,4.256,-0.18,0.866,6.266,2.089,0.18,0.866,Medium Silt,Very Poorly Sorted,Fine Skewed,Platykurtic,63.49,8.954,18.88,3.979,6.805,5.728,1.535,14.33,66.38,43.24,64.84,8.639,36.75,3.913,6.125,9.347,2.389,5.434,1.678,3.111,0.0,12.3,87.7,0.0,0.0,0.0,0.0,0.0,0.0,0.0,0.0,0.0,12.3,19.8,16.0,16.2,14.5,8.9,12.3,,6.8565,,,,-0.3203111289553312,-0.04062166010471341
20170425_G5,,,,,,,,,,,,,2.8,9.56625,54.5047166666667,,,,"Trimodal, Very Poorly Sorted",Sandy Mud,Very Fine Sandy Very Coarse Silt,36.59,32.51,0.533,1.854,18.18,4.287,-0.818,2.929,5.782,2.1,0.818,2.929,19.52,4.123,-0.298,0.821,5.679,2.044,0.298,0.821,Coarse Silt,Very Poorly Sorted,Fine Skewed,Platykurtic,76.51,10.79,36.28,3.71,6.536,4.786,2.231,23.74,84.21,37.75,81.98,9.49,60.01,3.57,5.396,8.808,2.467,5.238,1.833,3.246,0.0,28.8,71.2,0.0,0.0,0.0,0.0,0.0,0.0,0.0,0.0,0.0,28.7,16.5,13.0,14.7,11.5,6.4,9.0,,8.603,,,,-0.2872238903248911,0.06734191590643329
20170425_G50,,,,,,,,,,,,,7.44,9.93203333333333,54.6261833333333,,,,"Trimodal, Very Poorly Sorted",Mud,Very Coarse Silt,19.51,20.33,1.116,3.158,9.207,4.125,-0.451,2.282,6.763,2.045,0.451,2.282,9.603,4.363,-0.165,0.829,6.702,2.125,0.165,0.829,Medium Silt,Very Poorly Sorted,Fine Skewed,Platykurtic,52.68,24.98,7.43,4.248,5.325,7.074,1.16,10.8,53.54,46.17,52.38,9.118,27.02,4.223,6.533,9.752,2.309,5.529,1.632,3.189,0.0,4.7,95.3,0.0,0.0,0.0,0.0,0.0,0.0,0.0,0.0,0.0,4.7,19.5,17.8,15.2,14.9,11.0,16.8,,,,,,-0.33256924704258717,-0.10995878702187215
20170425_G51,,,,,,,,,,,,,6.96,9.93625,54.63065,,,,"Polymodal, Very Poorly Sorted",Muddy Sand,Very Coarse Silty Fine Sand,143.1,167.5,1.809,6.412,50.95,6.34,-0.81,2.801,4.295,2.665,0.81,2.801,51.8,6.344,-0.425,0.957,4.271,2.665,0.425,0.957,Very Coarse Silt,Very Poorly Sorted,Very Fine Skewed,Mesokurtic,194.4,542.5,22.76,2.364,0.884,5.459,2.919,89.68,359.6,123.2,356.7,13.26,187.8,1.476,3.479,8.42,5.706,6.945,2.622,3.729,0.0,56.6,43.4,0.0,0.0,0.0,0.0,0.0,0.0,6.0,10.5,26.0,14.1,10.1,8.1,6.8,6.3,4.7,7.4,,2.2,,,,0.11945655956281578,0.12210786960812786
20170425_G52,,,,,,,,,,,,,6.94,9.93963333333333,54.6353666666667,,,,"Polymodal, Very Poorly Sorted",Sandy Mud,Very Fine Sandy Very Coarse Silt,41.42,37.57,0.596,2.045,19.08,4.782,-0.809,2.691,5.712,2.257,0.809,2.691,20.39,4.736,-0.409,0.804,5.616,2.244,0.409,0.804,Coarse Silt,Very Poorly Sorted,Very Fine Skewed,Platykurtic,92.2,43.72,20.73,3.441,4.517,5.594,1.724,30.08,97.61,56.62,95.88,11.52,68.05,3.357,5.055,9.18,2.735,5.823,1.941,3.526,0.0,31.4,68.6,0.0,0.0,0.0,0.0,0.0,0.0,0.0,0.0,1.1,30.3,17.9,12.6,10.4,9.5,7.2,11.1,,5.1415,,,,-0.25995035085029894,0.12643717651018235
20170425_G53,,,,,,,,,,,,,9.77,9.9387,54.6360166666667,,,,,,,,,,,,,,,,,,,,,,,,,,,,,,,,,,,,,,,,,,,,,,,,,,,,,,,,,,,,,,,,,,,,,,,1.0585,,,,,
20170425_G54,,,,,,,,,,,,,9.45,9.93601666666667,54.63875,,,,,,,,,,,,,,,,,,,,,,,,,,,,,,,,,,,,,,,,,,,,,,,,,,,,,,,,,,,,,,,,,,,,,,,4.1525,,,,,
20170425_G55,,,,,,,,,,,,,11.36,9.93608333333333,54.64595,,,,"Unimodal, Poorly Sorted",Muddy Sand,Very Coarse Silty Medium Sand,310.5,267.1,1.591,5.701,177.9,4.329,-2.1,8.288,2.491,2.114,2.1,8.288,221.5,3.394,-0.314,2.007,2.175,1.763,0.314,2.007,Fine Sand,Poorly Sorted,Very Fine Skewed,Very Leptokurtic,257.2,,,1.96,,,35.19,242.1,679.6,19.31,644.4,2.814,253.0,0.557,2.046,4.829,8.664,4.271,2.106,1.493,0.0,87.1,12.9,0.0,0.0,0.0,0.0,0.0,3.5,13.8,30.7,29.6,9.4,3.4,2.0,1.8,1.7,1.4,2.7,,0.935,,,,0.48830323459554553,0.04843935343192548
20170425_G56,,,,,,,,,,,,,5.64,9.93743333333333,54.6546333333333,,,,"Unimodal, Very Poorly Sorted",Muddy Sand,Very Coarse Silty Medium Sand,276.8,240.3,1.518,6.394,131.0,5.743,-1.574,4.856,2.932,2.522,1.574,4.856,137.8,5.008,-0.627,1.571,2.859,2.324,0.627,1.571,Fine Sand,Very Poorly Sorted,Very Fine Skewed,Very Leptokurtic,310.0,,,1.691,,,7.244,256.7,541.5,74.75,534.2,4.5,287.0,0.885,1.962,7.109,8.032,6.224,2.509,2.17,0.0,77.5,22.5,0.0,0.0,0.0,0.0,0.0,2.2,9.7,39.8,19.1,6.7,4.8,3.8,3.5,3.4,2.7,4.3,,1.7295,,,,0.3969185292528233,-0.06247224678261792
20170425_G6,,,,,,,,,,,,,2.18,9.57013333333333,54.50635,,,,"Unimodal, Moderately Well Sorted",Sand,Moderately Well Sorted Medium Sand,434.6,182.2,0.794,3.197,397.9,1.525,-0.111,2.508,1.329,0.609,0.111,2.508,399.5,1.543,-0.018,0.953,1.324,0.626,0.018,0.953,Medium Sand,Moderately Well Sorted,Symmetrical,Mesokurtic,410.1,,,1.288,,,227.4,400.8,697.5,3.067,470.1,1.831,245.7,0.52,1.319,2.137,4.111,1.617,1.986,0.873,0.0,100.0,0.0,0.0,0.0,0.0,0.0,0.0,0.3,30.8,54.4,14.5,0.0,0.0,0.0,0.0,0.0,0.0,0.0,,0.532,,,,0.6435326376912124,-0.2828887885864103
20170425_G7,,,,,,,,,,,,,3.56,9.57365,54.50505,,,,"Trimodal, Very Poorly Sorted",Muddy Sand,Very Coarse Silty Very Fine Sand,65.35,52.16,0.256,1.791,31.86,4.8,-1.023,3.03,4.972,2.263,1.023,3.03,35.15,4.517,-0.627,0.83,4.83,2.175,0.627,0.83,Very Coarse Silt,Very Poorly Sorted,Very Fine Skewed,Platykurtic,111.1,8.157,18.88,3.172,6.939,5.728,2.877,65.95,136.0,47.27,133.1,10.48,98.58,2.878,3.922,8.441,2.933,5.563,2.06,3.389,0.0,51.5,48.5,0.0,0.0,0.0,0.0,0.0,0.0,0.0,0.0,15.4,36.2,10.5,7.9,9.0,8.5,5.3,7.4,,7.068,,,,-0.12736775080236498,0.2899928684198752
20170425_G8,,,,,,,,,,,,,2.96,9.57788333333333,54.5033333333333,,,,"Trimodal, Very Poorly Sorted",Sandy Mud,Very Fine Sandy Very Coarse Silt,47.62,36.88,0.16,1.629,24.55,4.436,-1.042,3.133,5.348,2.149,1.042,3.133,27.4,4.126,-0.633,0.839,5.189,2.045,0.633,0.839,Coarse Silt,Very Poorly Sorted,Very Fine Skewed,Platykurtic,83.99,8.954,17.2,3.575,6.805,5.863,2.536,49.29,95.95,37.84,93.42,9.042,70.96,3.382,4.343,8.623,2.55,5.242,1.871,3.177,0.0,41.8,58.2,0.0,0.0,0.0,0.0,0.0,0.0,0.0,0.0,0.5,41.3,16.4,8.6,10.1,9.3,5.7,8.1,,12.1205,,,,-0.2331545909648955,0.1678752890663307
20170425_G9,,,,,,,,,,,,,3.72,9.58163333333333,54.50585,,,,"Bimodal, Very Poorly Sorted",Sandy Mud,Very Fine Sandy Medium Silt,24.52,25.27,1.063,2.892,11.89,4.03,-0.54,2.639,6.394,2.011,0.54,2.639,12.92,4.179,-0.117,0.869,6.274,2.063,0.117,0.869,Medium Silt,Very Poorly Sorted,Fine Skewed,Platykurtic,63.49,9.83,,3.979,6.67,,1.633,13.13,66.66,40.82,65.03,8.289,35.8,3.907,6.251,9.258,2.37,5.351,1.661,3.051,0.0,12.7,87.3,0.0,0.0,0.0,0.0,0.0,0.0,0.0,0.0,0.0,12.7,17.0,15.7,18.5,15.4,9.0,11.7,,11.347,,,,-0.3216070574711212,-0.04517273518145614
20170426_G57,,,,,,,,,,,,,13.67,9.94023333333333,54.6695833333333,,,,"Trimodal, Very Poorly Sorted",Muddy Sand,Very Coarse Silty Fine Sand,152.6,195.4,2.215,9.307,49.26,6.749,-0.715,2.663,4.343,2.755,0.715,2.663,51.38,6.923,-0.353,0.91,4.283,2.791,0.353,0.91,Very Coarse Silt,Very Poorly Sorted,Very Fine Skewed,Mesokurtic,177.1,22.76,7.43,2.499,5.459,7.074,2.634,79.88,408.0,154.9,405.3,15.88,201.6,1.294,3.646,8.569,6.624,7.275,2.8,3.989,0.0,54.9,45.1,0.0,0.0,0.0,0.0,0.0,0.8,5.4,14.8,18.9,15.0,10.5,8.1,6.9,6.6,4.9,8.0,,2.9325,,,,0.10788342944792355,0.08351070264347607
20170426_G58,,,,,,,,,,,,,8.72,9.9433,54.6719666666667,,,,,,,,,,,,,,,,,,,,,,,,,,,,,,,,,,,,,,,,,,,,,,,,,,,,,,,,,,,,,,,,,,,,,,,1.492,,,,,
20170426_G59,,,,,,,,,,,,,5.42,9.94625,54.6739666666667,,,,,,,,,,,,,,,,,,,,,,,,,,,,,,,,,,,,,,,,,,,,,,,,,,,,,,,,,,,,,,,,,,,,,,,2.64,,,,,
20170426_G60,,,,,,,,,,,,,9.51,9.94981666666667,54.6765833333333,,,,"Polymodal, Very Poorly Sorted",Muddy Sand,Very Coarse Silty Medium Sand,212.6,253.3,1.724,5.984,71.67,6.785,-0.852,2.968,3.802,2.762,0.852,2.968,73.74,6.972,-0.351,0.974,3.761,2.802,0.351,0.974,Very Fine Sand,Very Poorly Sorted,Very Fine Skewed,Mesokurtic,373.6,133.9,22.76,1.422,2.902,5.459,3.664,111.5,551.7,150.6,548.1,13.88,302.1,0.858,3.164,8.093,9.432,7.235,3.344,3.795,0.0,62.5,37.5,0.0,0.0,0.0,0.0,0.0,2.1,10.3,19.5,15.5,15.2,9.6,6.8,5.5,5.2,3.9,6.5,,1.7975,,,,0.18628973924126385,0.05557145534613279
20170426_G61,,,,,,,,,,,,,12.49,9.96498333333333,54.6767333333333,,,,"Trimodal, Very Poorly Sorted",Sandy Mud,Very Fine Sandy Very Coarse Silt,34.59,36.01,1.053,3.043,14.98,4.76,-0.609,2.494,6.061,2.251,0.609,2.494,15.9,4.922,-0.247,0.839,5.975,2.299,0.247,0.839,Coarse Silt,Very Poorly Sorted,Fine Skewed,Platykurtic,92.2,20.73,8.954,3.441,5.594,6.805,1.456,19.65,92.91,63.81,91.45,11.08,51.96,3.428,5.67,9.424,2.749,5.996,1.84,3.47,0.0,22.5,77.5,0.0,0.0,0.0,0.0,0.0,0.0,0.0,0.0,1.7,20.9,17.1,15.3,12.8,11.4,8.0,12.9,,3.749,,,,-0.27547505058878774,0.06834902854349743
20170426_G62,,,,,,,,,,,,,7.67,9.97425,54.6778,,,,"Unimodal, Poorly Sorted",Muddy Sand,Very Coarse Silty Fine Sand,125.5,61.27,-0.476,2.518,89.19,3.331,-2.517,9.148,3.487,1.736,2.517,9.148,111.3,2.437,-0.616,2.554,3.168,1.285,0.616,2.554,Very Fine Sand,Poorly Sorted,Very Fine Skewed,Very Leptokurtic,161.4,,,2.633,,,19.59,134.4,198.3,10.12,178.7,1.868,78.6,2.334,2.896,5.674,2.431,3.34,1.352,0.901,0.0,82.6,17.4,0.0,0.0,0.0,0.0,0.0,0.0,0.0,0.4,56.5,25.7,5.4,2.9,2.2,2.2,1.6,3.1,,1.2665,,,,0.20765407079534404,0.4296986373326804
20170426_G63,,,,,,,,,,,,,5.88,9.9763,54.67775,,,,,,,,,,,,,,,,,,,,,,,,,,,,,,,,,,,,,,,,,,,,,,,,,,,,,,,,,,,,,,,,,,,,,,,0.746,,,,,
20170426_G64,,,,,,,,,,,,,6.64,9.97823333333333,54.6776833333333,,,,"Unimodal, Moderately Sorted",Muddy Sand,Very Coarse Silty Fine Sand,140.6,58.67,-0.6,3.076,109.9,2.834,-3.238,14.15,3.186,1.503,3.238,14.15,136.1,1.975,-0.507,2.63,2.878,0.982,0.507,2.63,Fine Sand,Moderately Sorted,Very Fine Skewed,Very Leptokurtic,161.4,,,2.633,,,53.91,147.0,210.3,3.901,156.4,1.633,70.07,2.249,2.766,4.213,1.873,1.964,1.287,0.708,0.0,88.8,11.2,0.0,0.0,0.0,0.0,0.0,0.0,0.0,1.1,65.4,22.3,3.6,1.7,1.3,1.3,1.0,2.3,,0.7925,,,,0.2910790258671232,0.4226777069332036
20170426_G65,,,,,,,,,,,,,3.37,9.98455,54.67795,,,,"Unimodal, Poorly Sorted",Muddy Sand,Very Coarse Silty Fine Sand,121.7,59.13,-0.085,2.888,90.75,3.009,-2.757,10.96,3.462,1.589,2.757,10.96,113.6,2.207,-0.458,2.523,3.137,1.142,0.458,2.523,Very Fine Sand,Poorly Sorted,Very Fine Skewed,Very Leptokurtic,133.9,,,2.902,,,32.78,122.9,197.0,6.011,164.3,1.798,70.44,2.343,3.025,4.931,2.104,2.588,1.319,0.846,0.0,85.2,14.8,0.0,0.0,0.0,0.0,0.0,0.0,0.0,1.5,46.8,36.8,5.0,2.3,1.8,1.8,1.4,2.6,,0.623,,,,0.22318356566420913,0.45506993215742353
20170426_G66,,,,,,,,,,,,,5.03,9.99106666666667,54.6771,,,,"Unimodal, Moderately Sorted",Sand,Moderately Sorted Fine Sand,250.9,122.9,1.092,6.6,200.8,2.622,-3.696,19.69,2.316,1.391,3.696,19.69,234.2,1.714,-0.22,1.783,2.094,0.777,0.22,1.783,Fine Sand,Moderately Sorted,Fine Skewed,Very Leptokurtic,234.3,,,2.095,,,128.0,237.0,390.6,3.051,262.6,1.677,123.1,1.356,2.077,2.966,2.187,1.609,1.435,0.746,0.0,94.6,5.4,0.0,0.0,0.0,0.0,0.0,0.0,3.9,40.4,46.0,4.3,1.1,0.8,0.8,0.8,0.6,1.3,,0.395,,,,0.5651068087550257,0.04174975962990584
20170426_G67,,,,,,,,,,,,,4.01,9.99803333333333,54.6772,,,,"Unimodal, Poorly Sorted",Sand,Poorly Sorted Fine Sand,206.4,123.2,1.615,8.432,153.4,2.941,-2.89,12.93,2.704,1.556,2.89,12.93,181.5,2.121,-0.35,2.595,2.462,1.085,0.35,2.595,Fine Sand,Poorly Sorted,Very Fine Skewed,Very Leptokurtic,213.5,,,2.23,,,70.65,193.8,320.5,4.537,249.9,1.717,103.4,1.641,2.368,3.823,2.329,2.182,1.387,0.78,0.0,90.9,9.1,0.0,0.0,0.0,0.0,0.0,0.1,3.9,20.3,57.0,9.7,2.6,1.5,1.1,1.2,1.0,1.8,,0.324,,,,0.4624091387173769,0.2087444924686781
20170426_G68,,,,,,,,,,,,,,10.0280833333333,54.6769166666667,,,,,,,,,,,,,,,,,,,,,,,,,,,,,,,,,,,,,,,,,,,,,,,,,,,,,,,,,,,,,,,,,,,,,,,,,,,,
20170426_G69,,,,,,,,,,,,,5.12,10.0108166666667,54.6764166666667,,,,"Unimodal, Well Sorted",Sand,Well Sorted Fine Sand,244.6,93.97,1.339,10.24,214.5,2.102,-5.09,35.8,2.221,1.072,5.09,35.8,234.8,1.381,-0.128,1.211,2.091,0.466,0.128,1.211,Fine Sand,Well Sorted,Fine Skewed,Leptokurtic,234.3,,,2.095,,,154.5,237.7,339.4,2.196,184.9,1.48,93.02,1.559,2.073,2.694,1.728,1.135,1.314,0.565,0.0,97.2,2.8,0.0,0.0,0.0,0.0,0.0,0.0,1.9,41.1,51.5,2.7,0.6,0.3,0.3,0.4,0.3,0.9,,0.161,,,,0.5640806496062972,0.03319989406249753
20170426_G70,,,,,,,,,,,,,4.46,10.01845,54.6755666666667,,,,"Unimodal, Well Sorted",Sand,Well Sorted Medium Sand,389.1,115.7,1.27,6.119,373.0,1.333,-0.14,5.013,1.423,0.414,0.14,5.013,372.4,1.308,0.062,1.027,1.425,0.388,-0.062,1.027,Medium Sand,Well Sorted,Symmetrical,Mesokurtic,373.6,,,1.422,,,268.0,370.0,531.4,1.982,263.3,1.431,133.9,0.912,1.434,1.899,2.082,0.987,1.442,0.517,0.0,100.0,0.0,0.0,0.0,0.0,0.0,0.0,0.1,13.9,80.0,5.6,0.4,0.0,0.0,0.0,0.0,0.0,0.0,,0.5015,,,,0.5921796297028609,-0.34024033044371976
20170426_G71,,,,,,,,,,,,,4.77,10.01915,54.6754333333333,,,,"Unimodal, Moderately Well Sorted",Slightly Gravelly Sand,Slightly Very Fine Gravelly Medium Sand,522.9,312.2,2.742,11.4,462.8,1.641,-1.755,33.18,1.112,0.714,1.755,33.18,452.0,1.498,0.247,1.349,1.146,0.583,-0.247,1.349,Medium Sand,Moderately Well Sorted,Coarse Skewed,Leptokurtic,410.1,,,1.288,,,297.2,436.6,802.0,2.698,504.8,1.577,204.4,0.318,1.196,1.75,5.499,1.432,1.782,0.657,0.5,99.3,0.2,0.0,0.0,0.0,0.0,0.5,6.1,28.2,62.0,2.9,0.1,0.0,0.0,0.0,0.0,0.0,0.1,,0.1375,,,,0.5856845735816664,-0.38316459070665976
20170426_G72,,,,,,,,,,,,,3.52,10.0200166666667,54.6756166666667,,,,"Trimodal, Very Poorly Sorted",Muddy Sand,Coarse Silty Fine Sand,186.3,185.7,1.539,6.615,75.73,6.066,-1.099,3.483,3.723,2.601,1.099,3.483,85.79,5.692,-0.563,1.0,3.543,2.509,0.563,1.0,Very Fine Sand,Very Poorly Sorted,Very Fine Skewed,Mesokurtic,194.4,410.1,30.1,2.364,1.288,5.055,4.904,161.5,440.7,89.86,435.8,10.6,239.4,1.182,2.63,7.672,6.49,6.49,2.774,3.405,0.0,63.9,36.1,0.0,0.0,0.0,0.0,0.0,0.4,6.4,20.5,31.2,5.5,8.0,8.8,6.1,4.5,3.2,5.5,,2.9485,,,,0.2461654344341805,0.045521889598381444
20170426_G73,,,,,,,,,,,,,4.52,10.0257833333333,54.67465,,,,"Bimodal, Poorly Sorted",Sand,Poorly Sorted Fine Sand,283.9,183.3,1.161,4.703,207.8,2.897,-2.75,13.32,2.266,1.534,2.75,13.32,241.9,2.119,-0.082,1.329,2.048,1.083,0.082,1.329,Fine Sand,Poorly Sorted,Symmetrical,Leptokurtic,177.1,410.1,,2.499,1.288,,109.8,227.0,521.3,4.748,411.5,2.476,233.9,0.94,2.139,3.187,3.392,2.247,1.969,1.308,0.0,93.8,6.2,0.0,0.0,0.0,0.0,0.0,0.3,11.6,33.6,41.5,6.8,1.3,1.0,0.9,1.0,0.7,1.3,,1.789,,,,0.5717477957015853,0.07792733652090891
20170426_G74,,,,,,,,,,,,,6.86,10.027,54.6739833333333,,,,"Bimodal, Poorly Sorted",Slightly Gravelly Sand,Slightly Very Fine Gravelly Coarse Sand,768.7,463.5,0.617,3.192,500.1,4.113,-2.697,10.56,1.0,2.04,2.697,10.56,694.0,2.789,-0.311,2.906,0.527,1.48,0.311,2.906,Coarse Sand,Poorly Sorted,Very Fine Skewed,Very Leptokurtic,653.7,1661.4,,0.615,-0.731,,148.0,691.8,1458.9,9.855,1310.9,1.997,498.0,-0.545,0.532,2.756,-5.058,3.301,254.0,0.998,1.0,90.7,8.4,0.0,0.0,0.0,0.0,1.0,23.9,50.1,12.9,2.5,1.3,1.4,1.5,1.5,1.5,1.0,1.4,,0.055,,,,0.39335975066825196,-0.24959036443329358
20170426_G75,,,,,,,,,,,,,6.15,10.0302333333333,54.67285,,,,,,,,,,,,,,,,,,,,,,,,,,,,,,,,,,,,,,,,,,,,,,,,,,,,,,,,,,,,,,,,,,,,,,,,,,,,
20170426_G76,,,,,,,,,,,,,6.31,10.03215,54.67275,,,,"Unimodal, Moderately Sorted",Sand,Moderately Sorted Fine Sand,254.0,138.4,1.025,5.061,197.6,2.699,-3.341,17.38,2.339,1.432,3.341,17.38,229.0,1.84,-0.182,1.502,2.127,0.88,0.182,1.502,Fine Sand,Moderately Sorted,Fine Skewed,Very Leptokurtic,234.3,,,2.095,,,109.1,232.0,433.5,3.973,324.4,1.913,152.3,1.206,2.108,3.196,2.65,1.99,1.568,0.936,0.0,94.3,5.7,0.0,0.0,0.0,0.0,0.0,0.0,5.8,37.8,43.4,7.3,1.3,0.9,0.7,0.8,0.7,1.3,,0.2795,,,,0.5675132646341989,0.08456010026242615
20170426_G77,,,,,,,,,,,,,7.61,10.0318333333333,54.6721166666667,,,,,,,,,,,,,,,,,,,,,,,,,,,,,,,,,,,,,,,,,,,,,,,,,,,,,,,,,,,,,,,,,,,,,,,,,,,,
20170426_G78,,,,,,,,,,,,,8.27,10.0385333333333,54.6705833333333,,,,,,,,,,,,,,,,,,,,,,,,,,,,,,,,,,,,,,,,,,,,,,,,,,,,,,,,,,,,,,,,,,,,,,,,,,,,
20170427_G79,,,,,,,,,,,,,3.69,9.9767,54.67655,,,,"Unimodal, Poorly Sorted",Muddy Sand,Very Coarse Silty Very Fine Sand,93.85,58.84,0.01,2.142,56.19,4.227,-1.873,6.035,4.153,2.079,1.873,6.035,62.87,3.517,-0.66,1.713,3.991,1.814,0.66,1.713,Very Fine Sand,Poorly Sorted,Very Fine Skewed,Very Leptokurtic,133.9,,,2.902,,,5.709,98.43,169.0,29.61,163.3,3.006,91.57,2.565,3.345,7.453,2.906,4.888,1.554,1.588,0.0,68.9,31.1,0.0,0.0,0.0,0.0,0.0,0.0,0.0,0.1,32.4,36.4,10.3,5.1,4.0,3.7,2.9,5.1,,1.563,,,,0.04269986608829638,0.4034204223392804
20170427_G80,,,,,,,,,,,,,2.01,9.9837,54.6749833333333,,,,"Unimodal, Poorly Sorted",Muddy Sand,Very Coarse Silty Fine Sand,137.4,60.42,-0.557,2.876,104.4,2.984,-3.0,12.38,3.26,1.577,3.0,12.38,129.6,2.119,-0.553,2.702,2.948,1.084,0.553,2.702,Fine Sand,Poorly Sorted,Very Fine Skewed,Very Leptokurtic,161.4,,,2.633,,,41.8,145.0,208.9,4.996,167.1,1.681,72.49,2.259,2.786,4.58,2.027,2.321,1.302,0.75,0.0,86.9,13.1,0.0,0.0,0.0,0.0,0.0,0.0,0.0,1.1,63.6,22.2,4.4,2.1,1.5,1.4,1.2,2.5,,0.7495,,,,0.26997905600765043,0.4187086507716284
20170427_G81,,,,,,,,,,,,,2.57,9.99175,54.6723833333333,,,,"Unimodal, Poorly Sorted",Muddy Sand,Very Coarse Silty Very Fine Sand,76.65,50.16,0.254,2.454,46.23,4.084,-1.838,6.049,4.435,2.03,1.838,6.049,51.3,3.464,-0.607,1.657,4.285,1.792,0.607,1.657,Very Coarse Silt,Poorly Sorted,Very Fine Skewed,Very Leptokurtic,101.2,,,3.306,,,5.285,76.94,143.2,27.09,137.9,3.06,74.69,2.804,3.7,7.564,2.697,4.76,1.509,1.614,0.0,60.9,39.1,0.0,0.0,0.0,0.0,0.0,0.0,0.0,0.0,17.3,43.6,16.0,6.2,4.5,4.0,3.0,5.4,,1.689,,,,-0.04635252596717956,0.36118030289089315
20170427_G82,,,,,,,,,,,,,3.2,9.99231666666667,54.6765666666667,,,,"Unimodal, Moderately Sorted",Sand,Moderately Sorted Medium Sand,285.2,148.1,1.112,5.035,235.0,2.332,-4.104,28.43,2.089,1.222,4.104,28.43,256.7,1.668,-0.055,1.12,1.962,0.739,0.055,1.12,Medium Sand,Moderately Sorted,Symmetrical,Leptokurtic,257.2,,,1.96,,,132.5,257.4,480.7,3.626,348.1,1.911,169.7,1.057,1.958,2.915,2.758,1.859,1.627,0.934,0.0,97.1,2.9,0.0,0.0,0.0,0.0,0.0,0.1,8.6,43.8,39.0,5.6,0.8,0.3,0.3,0.3,0.3,0.9,,0.192,,,,0.612387743986032,0.018637195402333984
20170427_G83,,,,,,,,,,,,,3.8,9.9916,54.6795166666667,,,,"Unimodal, Poorly Sorted",Muddy Sand,Very Coarse Silty Fine Sand,147.1,123.1,2.966,17.92,90.7,3.897,-2.13,8.068,3.463,1.962,2.13,8.068,110.7,2.891,-0.501,2.026,3.175,1.532,0.501,2.026,Very Fine Sand,Poorly Sorted,Very Fine Skewed,Very Leptokurtic,161.4,,,2.633,,,15.8,133.4,248.2,15.7,232.4,2.459,112.6,2.01,2.906,5.983,2.976,3.973,1.541,1.298,0.0,79.8,20.2,0.0,0.0,0.0,0.0,0.0,0.1,2.4,7.2,44.4,25.7,7.2,3.0,2.3,2.2,1.9,3.4,,1.6255,,,,0.2574559249226556,0.36046144373650646
20170427_G84,,,,,,,,,,,,,3.07,9.99008333333333,54.6795166666667,,,,"Unimodal, Poorly Sorted",Muddy Sand,Very Coarse Silty Very Fine Sand,86.83,62.75,0.491,2.639,49.46,4.285,-1.656,5.481,4.337,2.099,1.656,5.481,53.5,3.773,-0.567,1.375,4.224,1.916,0.567,1.375,Very Coarse Silt,Poorly Sorted,Very Fine Skewed,Leptokurtic,111.1,,,3.172,,,5.474,82.66,173.1,31.63,167.7,3.945,96.18,2.53,3.597,7.513,2.97,4.983,1.67,1.98,0.0,61.5,38.5,0.0,0.0,0.0,0.0,0.0,0.0,0.0,0.9,25.9,34.8,14.0,6.5,5.4,4.6,3.0,4.9,,1.7945,,,,0.008762117075534101,0.3501548995137506
20170427_G85,,,,,,,,,,,,,2.01,9.9842,54.6795666666667,,,,,,,,,,,,,,,,,,,,,,,,,,,,,,,,,,,,,,,,,,,,,,,,,,,,,,,,,,,,,,,,,,,,,,,,,,,,
20170427_G86,,,,,,,,,,,,,1.71,9.9836,54.6829333333333,,,,"Unimodal, Poorly Sorted",Muddy Sand,Very Coarse Silty Fine Sand,151.8,71.68,-0.348,2.656,112.6,3.088,-2.836,11.47,3.15,1.627,2.836,11.47,138.6,2.249,-0.547,2.474,2.851,1.169,0.547,2.474,Fine Sand,Poorly Sorted,Very Fine Skewed,Very Leptokurtic,177.1,,,2.499,,,39.33,158.4,239.9,6.1,200.6,1.811,89.89,2.06,2.658,4.668,2.267,2.609,1.37,0.857,0.0,86.4,13.6,0.0,0.0,0.0,0.0,0.0,0.0,0.0,7.4,61.8,17.2,4.6,2.2,1.5,1.5,1.2,2.4,,1.001,,,,0.32554787896681725,0.35443522438309805
20170427_G87,,,,,,,,,,,,,2.76,9.98481666666667,54.68405,,,,,,,,,,,,,,,,,,,,,,,,,,,,,,,,,,,,,,,,,,,,,,,,,,,,,,,,,,,,,,,,,,,,,,,7.803,,,,,
20170427_G88,,,,,,,,,,,,,2.34,9.98543333333333,54.6888833333333,,,,"Unimodal, Poorly Sorted",Sandy Mud,Very Fine Sandy Very Coarse Silt,44.83,35.68,0.828,3.602,24.82,4.155,-1.35,4.418,5.332,2.055,1.35,4.418,27.19,3.791,-0.549,1.113,5.201,1.923,0.549,1.113,Coarse Silt,Poorly Sorted,Very Fine Skewed,Leptokurtic,63.49,,,3.979,,,2.982,42.28,90.94,30.5,87.96,5.357,54.41,3.459,4.564,8.39,2.425,4.931,1.621,2.421,0.0,29.1,70.9,0.0,0.0,0.0,0.0,0.0,0.0,0.0,0.0,2.9,26.3,29.9,12.7,9.4,6.9,4.5,7.5,,3.6755,,,,-0.22131534579374582,0.1324685049348593
20170427_G89,,,,,,,,,,,,,2.36,9.98783333333333,54.6899333333333,,,,"Unimodal, Poorly Sorted",Muddy Sand,Very Coarse Silty Very Fine Sand,75.06,48.77,0.291,2.524,45.81,4.029,-1.884,6.23,4.448,2.011,1.884,6.23,51.92,3.38,-0.585,1.787,4.268,1.757,0.585,1.787,Very Coarse Silt,Poorly Sorted,Very Fine Skewed,Very Leptokurtic,92.2,,,3.441,,,5.351,74.29,140.4,26.23,135.0,2.839,69.73,2.833,3.751,7.546,2.664,4.713,1.468,1.505,0.0,59.6,40.4,0.0,0.0,0.0,0.0,0.0,0.0,0.0,0.0,15.9,43.7,18.1,6.0,4.2,3.6,2.9,5.5,,2.6165,,,,-0.052052616541359245,0.3570474993693117
20170427_G90,,,,,,,,,,,,,2.41,9.98811666666667,54.69025,,,,"Unimodal, Very Poorly Sorted",Sandy Mud,Very Fine Sandy Very Coarse Silt,47.65,40.7,0.876,3.351,24.49,4.46,-1.171,3.792,5.352,2.157,1.171,3.792,26.59,4.207,-0.502,1.034,5.233,2.073,0.502,1.034,Coarse Silt,Very Poorly Sorted,Very Fine Skewed,Mesokurtic,69.69,,,3.844,,,2.499,41.44,103.9,41.58,101.4,6.655,62.01,3.266,4.593,8.644,2.646,5.378,1.724,2.734,0.0,32.8,67.2,0.0,0.0,0.0,0.0,0.0,0.0,0.0,0.0,5.1,27.7,24.6,12.6,9.2,7.3,5.0,8.4,,4.095,,,,-0.2096873244012636,0.15998146619467826
20170427_G91,,,,,,,,,,,,,2.48,9.98855,54.6875166666667,,,,"Unimodal, Poorly Sorted",Sandy Mud,Very Fine Sandy Very Coarse Silt,49.75,41.66,0.861,3.37,26.6,4.238,-1.237,4.154,5.233,2.084,1.237,4.154,29.39,3.921,-0.491,1.04,5.089,1.971,0.491,1.04,Coarse Silt,Poorly Sorted,Very Fine Skewed,Mesokurtic,69.69,,,3.844,,,3.284,43.69,106.3,32.36,103.0,6.172,63.83,3.234,4.517,8.25,2.551,5.016,1.707,2.626,0.0,35.4,64.6,0.0,0.0,0.0,0.0,0.0,0.0,0.0,0.0,5.5,29.8,23.1,12.8,10.2,7.2,4.3,7.0,,4.0385,,,,-0.201593481948794,0.1717235508185692
20170427_G92,,,,,,,,,,,,,2.93,9.975,54.6805666666667,,,,"Unimodal, Poorly Sorted",Sandy Mud,Very Fine Sandy Very Coarse Silt,35.77,34.98,1.371,4.794,18.37,4.056,-0.916,3.552,5.766,2.02,0.916,3.552,19.9,3.915,-0.28,0.986,5.651,1.969,0.28,0.986,Coarse Silt,Poorly Sorted,Fine Skewed,Mesokurtic,57.83,,,4.114,,,2.596,24.08,84.65,32.61,82.05,6.651,46.18,3.562,5.376,8.59,2.411,5.027,1.651,2.734,0.0,19.8,80.2,0.0,0.0,0.0,0.0,0.0,0.0,0.0,0.0,2.8,17.1,23.0,18.2,14.7,10.4,5.7,8.0,,4.9385,,,,-0.26374123363142776,0.04705584823948646
