Sample,WWTP_influence_as_tracer_mean_dist__nosed_18µm_autumn_444,WWTP_influence_as_endpoints_mean_dist__nosed_18µm_autumn_444,WWTP_influence_as_cumulated_residence__nosed_18µm_autumn_444,WWTP_influence_as_mean_time_travelled__nosed_18µm_autumn_444,WWTP_influence_as_tracer_mean_dist__nosed_18µm_allseasons_222,WWTP_influence_as_endpoints_mean_dist__nosed_18µm_allseasons_222,WWTP_influence_as_cumulated_residence__nosed_18µm_allseasons_222,WWTP_influence_as_mean_time_travelled__nosed_18µm_allseasons_222,WWTP_influence_as_tracer_mean_dist__nosed_0µm_allseasons_222_,WWTP_influence_as_endpoints_mean_dist__nosed_0µm_allseasons_222_,WWTP_influence_as_cumulated_residence__nosed_0µm_allseasons_222_,WWTP_influence_as_mean_time_travelled__nosed_0µm_allseasons_222_,WWTP_influence_as_tracer_mean_dist__sed_18µm_allseasons_222,WWTP_influence_as_endpoints_mean_dist__sed_18µm_allseasons_222,WWTP_influence_as_cumulated_residence__sed_18µm_allseasons_222,WWTP_influence_as_mean_time_travelled__sed_18µm_allseasons_222,WWTP_influence_as_tracer_mean_dist__nosed_allsizes_allseasons_222,WWTP_influence_as_endpoints_mean_dist__nosed_allsizes_allseasons_222,WWTP_influence_as_cumulated_residence__nosed_allsizes_allseasons_222,WWTP_influence_as_mean_time_travelled__nosed_allsizes_allseasons_222,WWTP_influence_as_tracer_mean_dist__nosed_allsizes_autumn_222,WWTP_influence_as_endpoints_mean_dist__nosed_allsizes_autumn_222,WWTP_influence_as_cumulated_residence__nosed_allsizes_autumn_222,WWTP_influence_as_mean_time_travelled__nosed_allsizes_autumn_222,WWTP_influence_as_tracer_mean_dist__sed_0µm_allseasons_444,WWTP_influence_as_endpoints_mean_dist__sed_0µm_allseasons_444,WWTP_influence_as_cumulated_residence__sed_0µm_allseasons_444,WWTP_influence_as_mean_time_travelled__sed_0µm_allseasons_444,WWTP_influence_as_tracer_mean_dist__sed_18µm_spring_222,WWTP_influence_as_endpoints_mean_dist__sed_18µm_spring_222,WWTP_influence_as_cumulated_residence__sed_18µm_spring_222,WWTP_influence_as_mean_time_travelled__sed_18µm_spring_222,WWTP_influence_as_tracer_mean_dist__sed_allsizes_allseasons_222,WWTP_influence_as_endpoints_mean_dist__sed_allsizes_allseasons_222,WWTP_influence_as_cumulated_residence__sed_allsizes_allseasons_222,WWTP_influence_as_mean_time_travelled__sed_allsizes_allseasons_222,WWTP_influence_as_tracer_mean_dist__nosed_0µm_summer_222,WWTP_influence_as_endpoints_mean_dist__nosed_0µm_summer_222,WWTP_influence_as_cumulated_residence__nosed_0µm_summer_222,WWTP_influence_as_mean_time_travelled__nosed_0µm_summer_222,WWTP_influence_as_tracer_mean_dist__nosed_0µm_spring_444,WWTP_influence_as_endpoints_mean_dist__nosed_0µm_spring_444,WWTP_influence_as_cumulated_residence__nosed_0µm_spring_444,WWTP_influence_as_mean_time_travelled__nosed_0µm_spring_444,WWTP_influence_as_tracer_mean_dist__nosed_0µm_allseasons_444,WWTP_influence_as_endpoints_mean_dist__nosed_0µm_allseasons_444,WWTP_influence_as_cumulated_residence__nosed_0µm_allseasons_444,WWTP_influence_as_mean_time_travelled__nosed_0µm_allseasons_444,WWTP_influence_as_tracer_mean_dist__nosed_18µm_autumn_222,WWTP_influence_as_endpoints_mean_dist__nosed_18µm_autumn_222,WWTP_influence_as_cumulated_residence__nosed_18µm_autumn_222,WWTP_influence_as_mean_time_travelled__nosed_18µm_autumn_222,WWTP_influence_as_tracer_mean_dist__nosed_0µm_autumnspring_444,WWTP_influence_as_endpoints_mean_dist__nosed_0µm_autumnspring_444,WWTP_influence_as_cumulated_residence__nosed_0µm_autumnspring_444,WWTP_influence_as_mean_time_travelled__nosed_0µm_autumnspring_444,WWTP_influence_as_tracer_mean_dist__nosed_allsizes_allseasons_444,WWTP_influence_as_endpoints_mean_dist__nosed_allsizes_allseasons_444,WWTP_influence_as_cumulated_residence__nosed_allsizes_allseasons_444,WWTP_influence_as_mean_time_travelled__nosed_allsizes_allseasons_444,WWTP_influence_as_tracer_mean_dist__nosed_allsizes_spring_444,WWTP_influence_as_endpoints_mean_dist__nosed_allsizes_spring_444,WWTP_influence_as_cumulated_residence__nosed_allsizes_spring_444,WWTP_influence_as_mean_time_travelled__nosed_allsizes_spring_444,WWTP_influence_as_tracer_mean_dist__nosed_18µm_spring_444,WWTP_influence_as_endpoints_mean_dist__nosed_18µm_spring_444,WWTP_influence_as_cumulated_residence__nosed_18µm_spring_444,WWTP_influence_as_mean_time_travelled__nosed_18µm_spring_444,WWTP_influence_as_tracer_mean_dist__sed_18µm_autumn_444,WWTP_influence_as_endpoints_mean_dist__sed_18µm_autumn_444,WWTP_influence_as_cumulated_residence__sed_18µm_autumn_444,WWTP_influence_as_mean_time_travelled__sed_18µm_autumn_444,WWTP_influence_as_tracer_mean_dist__sed_allsizes_allseasons_444,WWTP_influence_as_endpoints_mean_dist__sed_allsizes_allseasons_444,WWTP_influence_as_cumulated_residence__sed_allsizes_allseasons_444,WWTP_influence_as_mean_time_travelled__sed_allsizes_allseasons_444,WWTP_influence_as_tracer_mean_dist__nosed_0µm_autumn_444,WWTP_influence_as_endpoints_mean_dist__nosed_0µm_autumn_444,WWTP_influence_as_cumulated_residence__nosed_0µm_autumn_444,WWTP_influence_as_mean_time_travelled__nosed_0µm_autumn_444,WWTP_influence_as_tracer_mean_dist__nosed_0µm_spring_222,WWTP_influence_as_endpoints_mean_dist__nosed_0µm_spring_222,WWTP_influence_as_cumulated_residence__nosed_0µm_spring_222,WWTP_influence_as_mean_time_travelled__nosed_0µm_spring_222,WWTP_influence_as_tracer_mean_dist__sed_18µm_autumn_222,WWTP_influence_as_endpoints_mean_dist__sed_18µm_autumn_222,WWTP_influence_as_cumulated_residence__sed_18µm_autumn_222,WWTP_influence_as_mean_time_travelled__sed_18µm_autumn_222,WWTP_influence_as_tracer_mean_dist__nosed_allsizes_spring_222,WWTP_influence_as_endpoints_mean_dist__nosed_allsizes_spring_222,WWTP_influence_as_cumulated_residence__nosed_allsizes_spring_222,WWTP_influence_as_mean_time_travelled__nosed_allsizes_spring_222,WWTP_influence_as_tracer_mean_dist__sed_18µm_spring_444,WWTP_influence_as_endpoints_mean_dist__sed_18µm_spring_444,WWTP_influence_as_cumulated_residence__sed_18µm_spring_444,WWTP_influence_as_mean_time_travelled__sed_18µm_spring_444,WWTP_influence_as_tracer_mean_dist__nosed_0µm_autumn_222,WWTP_influence_as_endpoints_mean_dist__nosed_0µm_autumn_222,WWTP_influence_as_cumulated_residence__nosed_0µm_autumn_222,WWTP_influence_as_mean_time_travelled__nosed_0µm_autumn_222,WWTP_influence_as_tracer_mean_dist__sed_0µm_allseasons_222,WWTP_influence_as_endpoints_mean_dist__sed_0µm_allseasons_222,WWTP_influence_as_cumulated_residence__sed_0µm_allseasons_222,WWTP_influence_as_mean_time_travelled__sed_0µm_allseasons_222,WWTP_influence_as_tracer_mean_dist__nosed_0µm_summer_444,WWTP_influence_as_endpoints_mean_dist__nosed_0µm_summer_444,WWTP_influence_as_cumulated_residence__nosed_0µm_summer_444,WWTP_influence_as_mean_time_travelled__nosed_0µm_summer_444,WWTP_influence_as_tracer_mean_dist__nosed_0µm_autumnspring_222,WWTP_influence_as_endpoints_mean_dist__nosed_0µm_autumnspring_222,WWTP_influence_as_cumulated_residence__nosed_0µm_autumnspring_222,WWTP_influence_as_mean_time_travelled__nosed_0µm_autumnspring_222,WWTP_influence_as_tracer_mean_dist__nosed_18µm_spring_222,WWTP_influence_as_endpoints_mean_dist__nosed_18µm_spring_222,WWTP_influence_as_cumulated_residence__nosed_18µm_spring_222,WWTP_influence_as_mean_time_travelled__nosed_18µm_spring_222,WWTP_influence_as_tracer_mean_dist__nosed_allsizes_autumn_444,WWTP_influence_as_endpoints_mean_dist__nosed_allsizes_autumn_444,WWTP_influence_as_cumulated_residence__nosed_allsizes_autumn_444,WWTP_influence_as_mean_time_travelled__nosed_allsizes_autumn_444,WWTP_influence_as_tracer_mean_dist__sed_18µm_allseasons_444,WWTP_influence_as_endpoints_mean_dist__sed_18µm_allseasons_444,WWTP_influence_as_cumulated_residence__sed_18µm_allseasons_444,WWTP_influence_as_mean_time_travelled__sed_18µm_allseasons_444
Schlei_S1,5414.98613787022,6805.94269947673,6311,187.847953216374,5090.50160227757,5759.45947561578,4482,172.552941176471,6705.46202449356,8795.31477472839,1800,138.289361702128,4839.08009276485,5080.9819944598,3151,132.953608247423,3884.09548882467,4014.5188166419,759,163.205128205128,4118.40855634187,4318.17334651049,337,147.52380952381,6668.09767138109,8682.85476963879,6585,140.466666666667,5061.34524835981,5123.46234013105,805,104.327586206897,3854.1289128451,3944.75967674665,757,124.41935483871,6153.66521633877,7391.67457708329,1227,156.316666666667,6612.05164160651,7345.44142749114,3508,135.372262773723,6705.46202449356,8795.31477472839,6411,142.875457875458,5414.98613787022,6805.94269947673,2197,184.993670886076,6986.96815403752,9497.13487355094,5184,141.04347826087,3884.09548882467,4014.5188166419,2399,182.977272727273,3730.05272033819,3804.87895012707,723,188.941176470588,5329.7786561546,5776.52471441493,3490,149.83908045977,5110.55520332438,5798.16255359692,5332,148.161290322581,3854.1289128451,3944.75967674665,2045,139.942857142857,7380.88553856802,11648.8283196107,1676,148.794392523364,6612.05164160651,7345.44142749114,3508,135.372262773723,5110.55520332438,5798.16255359692,1445,151.561403508772,3730.05272033819,3804.87895012707,200,199.6,5061.34524835981,5123.46234013105,3200,110.89552238806,7380.88553856802,11648.8283196107,1676,148.794392523364,6668.09767138109,8682.85476963879,6585,140.466666666667,6153.66521633877,7391.67457708329,1227,156.316666666667,6986.96815403752,9497.13487355094,5184,141.04347826087,5329.7786561546,5776.52471441493,1041,149.592105263158,4118.40855634187,4318.17334651049,878,195.695652173913,4839.08009276485,5080.9819944598,11142,136.888372093023
Schlei_S10,3396.87337831073,4686.97557062754,8291,41.3667781493868,2871.86687177858,3546.05687977692,15553,7.17817371937639,4246.04567425436,6293.26657518069,14146,11.5501113585746,2645.43586197181,2967.09857856696,15477,9.34409799554566,672.439626146468,836.430637526941,694159,66.6202672605791,923.567595212921,1221.98756541016,155614,34.9621380846325,4213.62036628051,6186.10891016524,25391,36.9933184855234,2756.75643255938,2845.03631407008,4869,6.07270693512304,643.834624143584,769.632615833035,694567,63.6792873051225,3646.29871765245,4879.464792464,9787,14.8864142538976,4221.34120401776,4988.93285968357,8176,9.13028953229399,4246.04567425436,6293.26657518069,25427,45.4788418708241,3396.87337831073,4686.97557062754,4841,10.025988700565,4552.0141792614,7000.16746653904,15640,46.1358574610245,672.439626146468,836.430637526941,795025,66.6202672605791,607.728262825576,665.544569402526,268456,61.609131403118,3004.14360101766,3413.90917825338,8241,16.4755011135857,3118.13364492998,3872.95951916204,7862,25.7603121516165,643.834624143584,769.632615833035,795100,63.6792873051225,4899.4457519555,9011.4020733945,7464,25.5311804008909,4221.34120401776,4988.93285968357,8176,9.13028953229399,3118.13364492998,3872.95951916204,4808,6.47909604519774,607.728262825576,665.544569402526,266020,58.880846325167,2756.75643255938,2845.03631407008,7937,23.8630289532294,4899.4457519555,9011.4020733945,7464,25.5311804008909,4213.62036628051,6186.10891016524,25391,36.9933184855234,3646.29871765245,4879.464792464,9787,14.8864142538976,4552.0141792614,7000.16746653904,15640,46.1358574610245,3004.14360101766,3413.90917825338,4896,4.79418344519016,923.567595212921,1221.98756541016,241449,41.543429844098,2645.43586197181,2967.09857856696,25847,38.0534521158129
Schlei_S10_15cm,3396.87337831073,4686.97557062754,8291,41.3667781493868,2871.86687177858,3546.05687977692,15553,7.17817371937639,4246.04567425436,6293.26657518069,14146,11.5501113585746,2645.43586197181,2967.09857856696,15477,9.34409799554566,672.439626146468,836.430637526941,694159,66.6202672605791,923.567595212921,1221.98756541016,155614,34.9621380846325,4213.62036628051,6186.10891016524,25391,36.9933184855234,2756.75643255938,2845.03631407008,4869,6.07270693512304,643.834624143584,769.632615833035,694567,63.6792873051225,3646.29871765245,4879.464792464,9787,14.8864142538976,4221.34120401776,4988.93285968357,8176,9.13028953229399,4246.04567425436,6293.26657518069,25427,45.4788418708241,3396.87337831073,4686.97557062754,4841,10.025988700565,4552.0141792614,7000.16746653904,15640,46.1358574610245,672.439626146468,836.430637526941,795025,66.6202672605791,607.728262825576,665.544569402526,268456,61.609131403118,3004.14360101766,3413.90917825338,8241,16.4755011135857,3118.13364492998,3872.95951916204,7862,25.7603121516165,643.834624143584,769.632615833035,795100,63.6792873051225,4899.4457519555,9011.4020733945,7464,25.5311804008909,4221.34120401776,4988.93285968357,8176,9.13028953229399,3118.13364492998,3872.95951916204,4808,6.47909604519774,607.728262825576,665.544569402526,266020,58.880846325167,2756.75643255938,2845.03631407008,7937,23.8630289532294,4899.4457519555,9011.4020733945,7464,25.5311804008909,4213.62036628051,6186.10891016524,25391,36.9933184855234,3646.29871765245,4879.464792464,9787,14.8864142538976,4552.0141792614,7000.16746653904,15640,46.1358574610245,3004.14360101766,3413.90917825338,4896,4.79418344519016,923.567595212921,1221.98756541016,241449,41.543429844098,2645.43586197181,2967.09857856696,25847,38.0534521158129
Schlei_S11,3125.41413124909,4361.3211818402,20841,62.0682352941177,2586.84032571357,3251.1139812106,21174,112.08275862069,3855.14831541687,5876.16322395497,12911,91.225,2399.92970761257,2734.7222157744,14753,81.7217391304348,985.320942231885,1084.2678639443,4952,129.126506024096,1064.81566293549,1234.40153186968,1456,111.644859813084,3826.03776507179,5774.51825325872,50619,77.5544332210999,2471.23233196738,2557.6718936548,4110,86.2210144927536,960.683334677402,1021.49975931536,3579,103.613924050633,3253.59444990377,4470.9618399152,21135,72.3533083645443,3840.41855860788,4585.30696874891,15496,68.8166666666667,3855.14831541687,5876.16322395497,51797,76.9607182940516,3125.41413124909,4361.3211818402,5664,100.769722814499,4162.03863788736,6578.76391597485,30662,69.5301478953356,985.320942231885,1084.2678639443,58095,139.60092449923,1021.095679188,1095.91106221363,7936,109.674757281553,2684.05362456435,3048.08919323433,22570,91.559375,2885.80172744663,3626.81150039314,16575,49.5368171021378,960.683334677402,1021.49975931536,53391,128.13405238829,4499.95851135672,8572.22086320079,15166,56.9716981132075,3840.41855860788,4585.30696874891,15496,68.8166666666667,2885.80172744663,3626.81150039314,4231,69.5134474327628,1021.095679188,1095.91106221363,1166,140.291666666667,2471.23233196738,2557.6718936548,17433,68.3680672268908,4499.95851135672,8572.22086320079,15166,56.9716981132075,3826.03776507179,5774.51825325872,50619,77.5544332210999,3253.59444990377,4470.9618399152,21135,72.3533083645443,4162.03863788736,6578.76391597485,30662,69.5301478953356,2684.05362456435,3048.08919323433,5522,119.230538922156,1064.81566293549,1234.40153186968,23288,120.788177339901,2399.92970761257,2734.7222157744,57682,68.5180586907449
Schlei_S13,3001.62563016761,4131.92438702217,10711,116.410437235543,2487.54182270382,3061.96385625521,8929,120.068692206077,3661.07947750403,5658.80278897826,10038,108.782389937107,2290.57956649903,2548.40233698748,13148,91.1059782608696,1582.64384981075,1648.74650599028,2494,113.386243386243,1590.71053087506,1699.43326381593,1366,123.595744680851,3630.85274050968,5554.98086075929,41379,109.983796296296,2324.61890259555,2357.3342787754,4867,83.8823529411765,1555.66243738536,1584.37696325453,4924,96.3440860215054,3065.92849054725,4265.23570688508,15020,109.19523099851,3642.71852889029,4335.64091837155,14129,90.8512820512821,3661.07947750403,5658.80278897826,40339,112.783564814815,3001.62563016761,4131.92438702217,2741,117.725409836066,3964.703290394,6355.58633002485,25319,95.1915393654524,1582.64384981075,1648.74650599028,27742,128.483516483517,1618.58657088145,1689.06505282077,6833,124.134078212291,2538.61387910532,2821.78060731483,16561,122.997218358832,2757.81134943119,3396.07086986975,16278,87.9595202398801,1555.66243738536,1584.37696325453,31409,124.263736263736,4303.00632828315,8375.53174167816,11190,91.8601398601399,3642.71852889029,4335.64091837155,14129,90.8512820512821,2757.81134943119,3396.07086986975,4316,92.0394431554525,1618.58657088145,1689.06505282077,574,120.8125,2324.61890259555,2357.3342787754,18054,82.4190620272315,4303.00632828315,8375.53174167816,11190,91.8601398601399,3630.85274050968,5554.98086075929,41379,109.983796296296,3065.92849054725,4265.23570688508,15020,109.19523099851,3964.703290394,6355.58633002485,25319,95.1915393654524,2538.61387910532,2821.78060731483,3396,120.757575757576,1590.71053087506,1699.43326381593,17265,145.054878048781,2290.57956649903,2548.40233698748,50855,90.4746760895171
Schlei_S14,3296.06341137985,4249.82168853438,2561,168.817307692308,2867.50357559298,3348.04417270347,1666,147.212307692308,3689.22383581234,5537.35543835057,2770,138.016427104723,2773.63880101406,3047.19171886489,1415,105.673387096774,2359.61539613985,2390.49173046203,344,129.941176470588,2311.03643794993,2378.063360335,112,139.1875,3672.39340229479,5463.64117267534,9494,131.657142857143,2738.58892050049,2805.27655346508,640,94.0927835051546,2346.27425985833,2346.95323446957,231,81.9807692307692,3174.69108842045,4228.74358284763,2734,143.671732522796,3658.47960628428,4287.17807675427,3445,151.567708333333,3689.22383581234,5537.35543835057,9499,133.745508982036,3296.06341137985,4249.82168853438,676,157.994011976048,3951.7192328522,6191.66136610204,6765,130.889438943894,2359.61539613985,2390.49173046203,1368,132.371681415929,2424.56006185571,2485.15911783021,571,149.560606060606,2853.7807580264,3032.62583691048,2334,148.727586206897,3190.11245221736,3785.09409254651,1596,130.820754716981,2346.27425985833,2346.95323446957,950,89.3297872340426,4259.8203244508,8096.1446554498,3320,135.603686635945,3658.47960628428,4287.17807675427,3445,151.567708333333,3190.11245221736,3785.09409254651,456,117.276785714286,2424.56006185571,2485.15911783021,146,136.766666666667,2738.58892050049,2805.27655346508,1825,98.9722222222222,4259.8203244508,8096.1446554498,3320,135.603686635945,3672.39340229479,5463.64117267534,9494,131.657142857143,3174.69108842045,4228.74358284763,2734,143.671732522796,3951.7192328522,6191.66136610204,6765,130.889438943894,2853.7807580264,3032.62583691048,580,132.779527559055,2311.03643794993,2378.063360335,520,139.9375,2773.63880101406,3047.19171886489,4836,109.713302752294
Schlei_S15,3495.10245205807,4378.67013891267,2113,179.475285171103,3099.75423714072,3542.23412589886,1451,171.728395061728,3784.06553983691,5551.73805858219,1969,165.737288135593,3039.09173407698,3311.41752408423,983,135.564853556485,2685.65235357576,2703.10019937042,294,163.596774193548,2622.4265196459,2673.76859520938,101,171.290322580645,3771.97260850489,5489.54372969117,6939,159.984375,2975.17843043459,3049.29039429031,304,118.833333333333,2676.77929649558,2666.24138877259,179,123.357142857143,3314.66600343784,4293.62728269197,1802,176.017699115044,3742.25602667512,4341.34381899105,2621,182.470175438597,3784.06553983691,5551.73805858219,7097,165.610921501706,3495.10245205807,4378.67013891267,638,178.693989071038,4023.53565772924,6180.7934465273,5295,162.551594746717,2685.65235357576,2703.10019937042,1016,159.988636363636,2760.92223726698,2813.93160894742,379,164.512195121951,3060.3973644418,3203.17167479121,1604,160.453551912568,3435.10381577535,4008.70957856519,1305,140.517441860465,2676.77929649558,2666.24138877259,633,115.661538461538,4319.0706179477,8020.24307406354,2674,161.102040816327,3742.25602667512,4341.34381899105,2621,182.470175438597,3435.10381577535,4008.70957856519,397,143.838983050847,2760.92223726698,2813.93160894742,120,178.75,2975.17843043459,3049.29039429031,1091,123.834532374101,4319.0706179477,8020.24307406354,2674,161.102040816327,3771.97260850489,5489.54372969117,6939,159.984375,3314.66600343784,4293.62728269197,1802,176.017699115044,4023.53565772924,6180.7934465273,5295,162.551594746717,3060.3973644418,3203.17167479121,445,157.449152542373,2622.4265196459,2673.76859520938,399,152.32,3039.09173407698,3311.41752408423,3394,137.850152905199
Schlei_S16,4180.12772463293,4837.98102494368,3144,211.545454545455,3910.93436339914,4193.06062699028,2661,199.012531328321,4190.95860990364,5738.82444315278,3189,171.799256505576,3949.02313293708,4177.79191219518,1791,162.475862068966,4235.88845304734,4237.7663094845,534,212.6625,4096.03338843893,4141.27489792723,129,230.135135135135,4191.10690603254,5709.12438488274,12741,170.056514913658,3794.695090834,3851.27785599891,767,144.69375,4239.96321038714,4222.56059115679,343,169,3816.4438491819,4600.26663799738,3935,190.812030075188,4132.03876548445,4581.39653613228,5047,172.914153132251,4190.95860990364,5738.82444315278,12979,174,4180.12772463293,4837.98102494368,741,214.883248730964,4382.02205787902,6308.10334573048,9044,172.550819672131,4235.88845304734,4237.7663094845,2011,187.616822429907,4325.68147780019,4340.98096710553,888,185.626865671642,3781.12010294843,3768.1686975653,4150,183.791390728477,4263.23573676124,4761.77029725871,2284,166.805263157895,4239.96321038714,4222.56059115679,1285,152.170731707317,4644.67457237586,8034.81015532867,3997,175.842995169082,4132.03876548445,4581.39653613228,5047,172.914153132251,4263.23573676124,4761.77029725871,405,178.381355932203,4325.68147780019,4340.98096710553,231,208.860465116279,3794.695090834,3851.27785599891,3910,135.035087719298,4644.67457237586,8034.81015532867,3997,175.842995169082,4191.10690603254,5709.12438488274,12741,170.056514913658,3816.4438491819,4600.26663799738,3935,190.812030075188,4382.02205787902,6308.10334573048,9044,172.550819672131,3781.12010294843,3768.1686975653,1132,188.959090909091,4096.03338843893,4141.27489792723,569,223.474576271186,3949.02313293708,4177.79191219518,8913,148.690176322418
Schlei_S17,4751.39501831308,5322.33206402386,3988,204.160493827161,4549.67147023539,4765.1735631793,1540,205.052434456929,4679.7375919923,6128.79784939311,2425,189.021844660194,4645.95887691952,4868.63103426634,1112,177.3125,5204.60167561259,5203.27254482595,336,210.666666666667,5022.83272368212,5075.37771403145,194,215.675,4684.39241117357,6109.25254406931,11203,179.350553505535,4472.82764695947,4527.43599461183,315,197.985074626866,5215.85947053117,5201.29654349763,256,172.8,4319.11293024571,5043.79949074985,3905,189.66511627907,4633.15580952224,4967.15866564054,4043,183.689285714286,4679.7375919923,6128.79784939311,11435,183.745886654479,4751.39501831308,5322.33206402386,711,204.081871345029,4863.71483007358,6671.29702871474,7530,175.598393574297,5204.60167561259,5203.27254482595,2029,204.705128205128,5303.7956932519,5299.03692229346,688,213.72972972973,4394.96003954931,4310.26804201161,3319,209.258241758242,4910.24082820885,5403.98484618597,2882,168.150943396226,5215.85947053117,5201.29654349763,1554,161.16393442623,5105.95864528086,8375.43539178894,3487,186.234806629834,4633.15580952224,4967.15866564054,4043,183.689285714286,4910.24082820885,5403.98484618597,494,164.973451327434,5303.7956932519,5299.03692229346,67,210.05,4472.82764695947,4527.43599461183,2376,177.157894736842,5105.95864528086,8375.43539178894,3487,186.234806629834,4684.39241117357,6109.25254406931,11203,179.350553505535,4319.11293024571,5043.79949074985,3905,189.66511627907,4863.71483007358,6671.29702871474,7530,175.598393574297,4394.96003954931,4310.26804201161,421,216.63829787234,5022.83272368212,5075.37771403145,921,212.5625,4645.95887691952,4868.63103426634,7203,171.549668874172
Schlei_S19,5603.29504198482,5988.8452715901,705,219.907894736842,5455.89682085073,5581.19500026885,176,212.520661157025,5346.47796649683,6587.08507834464,473,208.464730290456,5594.72790311509,5791.54985883974,127,175.688888888889,6242.85551865968,6224.38527880191,39,206.72,6049.23060614981,6075.57918536286,11,238.4,5356.43712916968,6581.66479359927,2974,194.648526077098,5372.81637875916,5436.88761427802,48,176.615384615385,6259.7407617397,6233.57310239767,23,173.294117647059,5095.30191248697,5655.97596489795,969,211.19587628866,5267.05971996878,5524.00625750794,1062,205.506276150628,5346.47796649683,6587.08507834464,3039,195.995495495496,5603.29504198482,5988.8452715901,62,249.36170212766,5474.6186113021,7052.63963506798,2070,196.572944297082,6242.85551865968,6224.38527880191,401,207.207547169811,6351.67674624406,6338.31061164745,146,206.709677419355,5253.11813585251,5128.47052505709,588,201.302816901408,5813.54667817655,6230.57935953437,490,192.862745098039,6259.7407617397,6233.57310239767,213,155.153846153846,5692.69664440852,8581.27301262802,1008,193.386554621849,5267.05971996878,5524.00625750794,1062,205.506276150628,5813.54667817655,6230.57935953437,37,203.481481481482,6351.67674624406,6338.31061164745,16,243.545454545455,5372.81637875916,5436.88761427802,399,166.429906542056,5692.69664440852,8581.27301262802,1008,193.386554621849,5356.43712916968,6581.66479359927,2974,194.648526077098,5095.30191248697,5655.97596489795,969,211.19587628866,5474.6186113021,7052.63963506798,2070,196.572944297082,5253.11813585251,5128.47052505709,66,208.921568627451,6049.23060614981,6075.57918536286,162,206,5594.72790311509,5791.54985883974,1118,179.666666666667
Schlei_S1_15cm,5414.98613787022,6805.94269947673,6311,187.847953216374,5090.50160227757,5759.45947561578,4482,172.552941176471,6705.46202449356,8795.31477472839,1800,138.289361702128,4839.08009276485,5080.9819944598,3151,132.953608247423,3884.09548882467,4014.5188166419,759,163.205128205128,4118.40855634187,4318.17334651049,337,147.52380952381,6668.09767138109,8682.85476963879,6585,140.466666666667,5061.34524835981,5123.46234013105,805,104.327586206897,3854.1289128451,3944.75967674665,757,124.41935483871,6153.66521633877,7391.67457708329,1227,156.316666666667,6612.05164160651,7345.44142749114,3508,135.372262773723,6705.46202449356,8795.31477472839,6411,142.875457875458,5414.98613787022,6805.94269947673,2197,184.993670886076,6986.96815403752,9497.13487355094,5184,141.04347826087,3884.09548882467,4014.5188166419,2399,182.977272727273,3730.05272033819,3804.87895012707,723,188.941176470588,5329.7786561546,5776.52471441493,3490,149.83908045977,5110.55520332438,5798.16255359692,5332,148.161290322581,3854.1289128451,3944.75967674665,2045,139.942857142857,7380.88553856802,11648.8283196107,1676,148.794392523364,6612.05164160651,7345.44142749114,3508,135.372262773723,5110.55520332438,5798.16255359692,1445,151.561403508772,3730.05272033819,3804.87895012707,200,199.6,5061.34524835981,5123.46234013105,3200,110.89552238806,7380.88553856802,11648.8283196107,1676,148.794392523364,6668.09767138109,8682.85476963879,6585,140.466666666667,6153.66521633877,7391.67457708329,1227,156.316666666667,6986.96815403752,9497.13487355094,5184,141.04347826087,5329.7786561546,5776.52471441493,1041,149.592105263158,4118.40855634187,4318.17334651049,878,195.695652173913,4839.08009276485,5080.9819944598,11142,136.888372093023
Schlei_S2,3716.13550325365,5077.39986957288,10231,135.332053742802,3313.72971152675,3939.48989811105,8387,145.414829659319,4834.64410193612,6922.83928754174,5881,122.903162055336,3034.68165761428,3244.32381265349,9747,110.962790697674,2290.23226175474,2394.11701946236,1459,152.010869565217,2464.52448796563,2622.82590255256,843,123.081967213115,4797.45411983175,6809.87075142378,16178,116.977337110482,3214.94332720481,3257.76594853545,1645,114.890510948905,2257.4231142031,2323.11641705855,1780,110.532467532468,4245.11373550521,5466.51900577292,4584,123.569230769231,4789.89417971233,5513.38127977259,5274,125.208219178082,4834.64410193612,6922.83928754174,16448,121.133991537377,3716.13550325365,5077.39986957288,4657,138.177777777778,5135.40048408621,7650.99942842615,11864,117.060955518946,2290.23226175474,2394.11701946236,3662,137.128787878788,2161.57027651481,2230.58334686383,958,151.934426229508,3497.08251681154,3915.01070169386,5070,137.461059190031,3374.92123626725,4058.91200140016,12706,106.89578713969,2257.4231142031,2323.11641705855,3621,109.64406779661,5498.41714311586,9788.6175770797,6590,105.186147186147,4789.89417971233,5513.38127977259,5274,125.208219178082,3374.92123626725,4058.91200140016,6025,106.973941368078,2161.57027651481,2230.58334686383,338,180.371428571429,3214.94332720481,3257.76594853545,4184,97.7607843137255,5498.41714311586,9788.6175770797,6590,105.186147186147,4797.45411983175,6809.87075142378,16178,116.977337110482,4245.11373550521,5466.51900577292,4584,123.569230769231,5135.40048408621,7650.99942842615,11864,117.060955518946,3497.08251681154,3915.01070169386,1963,155.4064171123,2464.52448796563,2622.82590255256,1874,140.842105263158,3034.68165761428,3244.32381265349,22287,106.8140625
Schlei_S20,5133.97283259262,5559.36718832625,1904,212.606666666667,4939.10515694838,5106.40068599891,1533,207.484679665738,4917.695053452,6214.78007979086,2983,192.242937853107,5039.94844716352,5243.09082046267,1219,173.36186770428,5440.14984649209,5421.52494027267,302,212.662337662338,5280.95283482892,5299.67296397994,119,216.458333333333,4925.46242691239,6203.91698011342,9669,178.11,4823.95142800149,4896.77321036759,417,169.730434782609,5452.22023563009,5422.54667096762,192,168.017857142857,4674.05118878528,5249.95774280293,2668,218.409266409266,4819.34334124132,5172.86570759658,3762,188.977987421384,4917.695053452,6214.78007979086,9849,179.880597014925,5133.97283259262,5559.36718832625,575,211.235849056604,5041.99305647746,6697.19124828483,7181,175.457746478873,5440.14984649209,5421.52494027267,1016,183.397849462366,5543.33091125994,5543.23836628439,464,207.731707317073,4749.11916552148,4683.20795669555,2115,191.517412935323,5295.82091969546,5706.22079441349,1660,173.882051282051,5452.22023563009,5422.54667096762,635,149.41095890411,5275.926720598,8221.51678897307,3419,185.346982758621,4819.34334124132,5172.86570759658,3762,188.977987421384,5295.82091969546,5706.22079441349,558,182.718518518519,5543.33091125994,5543.23836628439,138,219.757575757576,4823.95142800149,4896.77321036759,1389,149.773333333333,5275.926720598,8221.51678897307,3419,185.346982758621,4925.46242691239,6203.91698011342,9669,178.11,4674.05118878528,5249.95774280293,2668,218.409266409266,5041.99305647746,6697.19124828483,7181,175.457746478873,4749.11916552148,4683.20795669555,628,202.453416149068,5280.95283482892,5299.67296397994,380,191.369230769231,5039.94844716352,5243.09082046267,3810,158.792792792793
Schlei_S21,7279.88751759539,7457.69936964412,773,230.017142857143,7193.18297949425,7222.14625141835,534,225.88198757764,6797.37895502939,7708.0302988731,1230,207.498349834984,7356.12647432403,7509.48318379752,571,184.041666666667,7974.93536504913,7936.12798401384,111,240.875,7787.83966271045,7781.49711391151,44,204.642857142857,6811.58480865231,7716.73248286131,4033,196.237777777778,7080.47712556961,7138.65452021618,170,189.611111111111,7995.0168826419,7954.37973971489,69,184.090909090909,6745.69249090434,7087.55439172646,1271,228.921568627451,6650.28782792783,6854.86285754105,1491,197.231111111111,6797.37895502939,7708.0302988731,4185,200.651982378855,7279.88751759539,7457.69936964412,200,224.411764705882,6823.74745925164,8018.26825244642,2914,196.524154589372,7974.93536504913,7936.12798401384,436,222.153846153846,8089.38878558438,8068.80543077781,193,215.5,6932.18801164997,6791.60044137475,920,197.848739495798,7507.77269819048,7817.16841189318,444,196.852459016393,7995.0168826419,7954.37973971489,260,172.05,7005.99807246056,9181.67364735179,1423,197.884848484848,6650.28782792783,6854.86285754105,1491,197.231111111111,7507.77269819048,7817.16841189318,109,191.631578947368,8089.38878558438,8068.80543077781,31,284.166666666667,7080.47712556961,7138.65452021618,716,166.344086021505,7005.99807246056,9181.67364735179,1423,197.884848484848,6811.58480865231,7716.73248286131,4033,196.237777777778,6745.69249090434,7087.55439172646,1271,228.921568627451,6823.74745925164,8018.26825244642,2914,196.524154589372,6932.18801164997,6791.60044137475,221,218.605633802817,7787.83966271045,7781.49711391151,153,217.34375,7356.12647432403,7509.48318379752,1575,181.227488151659
Schlei_S22,10457.6146145606,10377.8566658883,771,239.462264150943,10465.9970000802,10378.5219289049,640,234.444444444444,9726.9488179117,10077.8452491113,1009,241.465346534653,10631.9220614115,10702.2151783323,537,186.606741573034,11158.5831969456,11099.1141648467,124,220.541666666667,10991.3288401366,10942.5203291712,49,212.588235294118,9746.55380225531,10106.5934648163,3262,221.898773006135,10327.9674966629,10352.8045237347,354,177.268292682927,11178.5598383678,11123.7880331829,68,183.941176470588,9965.43869582763,9936.81870130907,469,251.79012345679,9493.20242095094,9603.70879708347,1827,222.294573643411,9726.9488179117,10077.8452491113,3334,223.960960960961,10457.6146145606,10377.8566658883,294,241.293333333333,9605.2801864964,10148.3585230124,2865,219.801346801347,11158.5831969456,11099.1141648467,324,225.371428571429,11276.5648427252,11253.9116794208,144,199.285714285714,10162.1414758273,10004.5249366408,845,205.540983606557,10656.9771071707,10782.9484493828,1182,210.526315789474,11178.5598383678,11123.7880331829,373,196.185185185185,9723.03808406518,10693.0082489414,1038,219.288888888889,9493.20242095094,9603.70879708347,1827,222.294573643411,10656.9771071707,10782.9484493828,171,190.354166666667,11276.5648427252,11253.9116794208,63,204.857142857143,10327.9674966629,10352.8045237347,1071,170.204081632653,9723.03808406518,10693.0082489414,1038,219.288888888889,9746.55380225531,10106.5934648163,3262,221.898773006135,9965.43869582763,9936.81870130907,469,251.79012345679,9605.2801864964,10148.3585230124,2865,219.801346801347,10162.1414758273,10004.5249366408,302,213.730769230769,10991.3288401366,10942.5203291712,139,233.041666666667,10631.9220614115,10702.2151783323,2302,192.690476190476
Schlei_S23,11717.2673023725,11539.1338803279,287,302.451612903226,11755.5771004889,11623.2643979126,434,297.875,10924.9269910045,11073.797748513,584,275.221052631579,11922.9422219239,11962.9349731263,104,257.470588235294,12417.4678240097,12353.0569086028,28,303.857142857143,12256.0726132453,12197.1470211391,26,327.166666666667,10945.7397646744,11108.1825177207,1939,275.484375,11630.895836674,11641.1680625545,66,170.857142857143,12437.3832438179,12379.8047024253,6,346,11233.0036276907,11084.1565798666,340,332,10691.2848005957,10728.9256214905,1166,261.968253968254,10924.9269910045,11073.797748513,1982,277.701492537313,11717.2673023725,11539.1338803279,68,325.571428571429,10767.7577933673,11068.6183328362,1642,270.176470588235,12417.4678240097,12353.0569086028,148,269.25,12536.6204478332,12511.7350869635,28,190,11455.1783098998,11272.0719608227,848,245,11908.8357467545,11961.3062424492,96,277.777777777778,12437.3832438179,12379.8047024253,33,247.6,10848.1064584727,11408.311044182,476,278.784615384615,10691.2848005957,10728.9256214905,1166,261.968253968254,11908.8357467545,11961.3062424492,23,314,12536.6204478332,12511.7350869635,2,163,11630.895836674,11641.1680625545,175,181.4375,10848.1064584727,11408.311044182,476,278.784615384615,10945.7397646744,11108.1825177207,1939,275.484375,11233.0036276907,11084.1565798666,340,332,10767.7577933673,11068.6183328362,1642,270.176470588235,11455.1783098998,11272.0719608227,351,259.789473684211,12256.0726132453,12197.1470211391,114,293.857142857143,11922.9422219239,11962.9349731263,314,236.394736842105
Schlei_S24,13568.4454905154,13241.2649392258,475,254.43023255814,13666.3351565381,13458.6343882457,378,252.688888888889,12666.8550762608,12539.5840338484,844,255.570093457944,13847.9533902893,13847.9168819146,321,211.190476190476,14459.8505415403,14386.4544486136,116,215.857142857143,14283.693239619,14212.2951296224,60,191.642857142857,12690.584195794,12582.9409945032,2025,234.579710144928,13559.5271473133,13548.2657786172,185,209.411764705882,14481.6820752603,14419.4961246825,190,184.294117647059,13053.6037967378,12744.3662871818,467,238.830985915493,12464.69162848,12386.7391054969,798,262.087912087912,12666.8550762608,12539.5840338484,2043,237.343971631206,13568.4454905154,13241.2649392258,175,249.913793103448,12469.5503187874,12437.1929071817,1576,237.565573770492,14459.8505415403,14386.4544486136,246,248.310344827586,14586.0259798779,14553.2725361334,59,185.666666666667,13368.1461149975,13139.6695249826,318,248.888888888889,13776.0856714886,13739.3616032463,249,206.583333333333,14481.6820752603,14419.4961246825,258,196.130434782609,12474.6552488577,12487.6467088665,778,227.91847826087,12464.69162848,12386.7391054969,798,262.087912087912,13776.0856714886,13739.3616032463,104,211.512195121951,14586.0259798779,14553.2725361334,38,169.666666666667,13559.5271473133,13548.2657786172,259,201.173913043478,12474.6552488577,12487.6467088665,778,227.91847826087,12690.584195794,12582.9409945032,2025,234.579710144928,13053.6037967378,12744.3662871818,467,238.830985915493,12469.5503187874,12437.1929071817,1576,237.565573770492,13368.1461149975,13139.6695249826,160,242.307692307692,14283.693239619,14212.2951296224,151,235.238095238095,13847.9533902893,13847.9168819146,591,206.702127659574
Schlei_S25,19594.7033650681,18868.8320111558,185,308.034482758621,19802.4447541593,19429.8324838101,75,310.863636363636,18506.3292616838,17646.0066098329,237,285.627118644068,19986.3617510957,19879.4587023123,11,245.714285714286,20631.6144270589,20537.0202061067,6,258.5,20454.7730478936,20336.2113176528,4,357,18535.8259512288,17710.6683776703,778,281.8,19753.5389289222,19709.7060738423,3,272,20653.4374011851,20580.6254138977,1,130,19035.9252366604,18382.2839573223,183,284.666666666667,18436.7387552734,18110.2632530691,269,303.36,18506.3292616838,17646.0066098329,833,283.858695652174,19594.7033650681,18868.8320111558,49,342.071428571429,18236.1491683333,17277.8679360881,650,282.072289156627,20631.6144270589,20537.0202061067,67,258.833333333333,20765.6050381279,20721.734518091,0,489,19553.0021631577,19262.093842909,76,302.222222222222,19796.2455162283,19483.6638443605,52,254.285714285714,20653.4374011851,20580.6254138977,184,198,18025.393645886,16445.4726191072,381,275.215384615385,18436.7387552734,18110.2632530691,269,303.36,19796.2455162283,19483.6638443605,7,261.5,20765.6050381279,20721.734518091,0,489,19753.5389289222,19709.7060738423,6,234.333333333333,18025.393645886,16445.4726191072,381,275.215384615385,18535.8259512288,17710.6683776703,778,281.8,19035.9252366604,18382.2839573223,183,284.666666666667,18236.1491683333,17277.8679360881,650,282.072289156627,19553.0021631577,19262.093842909,20,267.333333333333,20454.7730478936,20336.2113176528,26,241.25,19986.3617510957,19879.4587023123,235,244.555555555556
Schlei_S26,22145.3334733555,21260.4893920068,117,279.5,22383.0134880623,21947.2767442612,38,274.789473684211,20994.8196362158,19847.1893897003,189,289.457831325301,22575.0227403949,22431.6184519518,29,251.923076923077,23250.9263048092,23148.7789197881,7,347.666666666667,23068.0825505346,22929.6210104424,1,405,21026.5251269662,19924.7144881821,772,268.532051282051,22352.6478486455,22304.6076058107,1,192,23273.5217822054,23195.6961236038,6,390.5,21549.4206051197,20760.7388606845,210,263.1875,20975.1233644542,20560.6536113772,177,309.48275862069,20994.8196362158,19847.1893897003,792,269.651898734177,22145.3334733555,21260.4893920068,23,282.846153846154,20711.8829285542,19390.4146542083,582,269.692307692308,23250.9263048092,23148.7789197881,41,266.666666666667,23387.842558697,23340.3727203418,3,223,22145.777629313,21835.8297683162,15,238,22362.08944082,21946.8296317291,81,233.428571428571,23273.5217822054,23195.6961236038,31,217.666666666667,20435.3013948682,18220.1756970393,405,264.146341463415,20975.1233644542,20560.6536113772,177,309.48275862069,22362.08944082,21946.8296317291,18,254.8,23387.842558697,23340.3727203418,1,262,22352.6478486455,22304.6076058107,4,175,20435.3013948682,18220.1756970393,405,264.146341463415,21026.5251269662,19924.7144881821,772,268.532051282051,21549.4206051197,20760.7388606845,210,263.1875,20711.8829285542,19390.4146542083,582,269.692307692308,22145.777629313,21835.8297683162,5,252.25,23068.0825505346,22929.6210104424,20,257.444444444444,22575.0227403949,22431.6184519518,126,229.875
Schlei_S27,23328.9778291895,22378.3022773994,50,293.833333333333,23572.606646558,23114.3426879087,5,193,22167.3388470953,20888.9452120117,36,303.909090909091,23763.4280399505,23604.971045677,5,193,24404.9270308298,24300.3859619167,0,489,24226.4041739885,24079.1783955922,0,489,22199.3365151975,20970.8134225647,331,285.784090909091,23547.749560902,23499.5081784452,0,489,24427.4141981348,24348.050914027,0,489,22728.602414134,21887.7055530285,95,262.214285714286,22166.6191106572,21718.7052782889,92,307.526315789474,22167.3388470953,20888.9452120117,349,288.6,23328.9778291895,22378.3022773994,5,193,21881.0031306212,20389.5650415033,254,287.125,24404.9270308298,24300.3859619167,17,306.5,24540.8312600215,24493.3058412235,2,243,23343.3694914492,23034.3444495327,5,217.333333333333,23545.6746172424,23085.1859360293,35,253.923076923077,24427.4141981348,24348.050914027,9,286.333333333333,21580.9120540603,19060.4248047177,162,284.227272727273,22166.6191106572,21718.7052782889,92,307.526315789474,23545.6746172424,23085.1859360293,5,193,24540.8312600215,24493.3058412235,0,489,23547.749560902,23499.5081784452,1,191,21580.9120540603,19060.4248047177,162,284.227272727273,22199.3365151975,20970.8134225647,331,285.784090909091,22728.602414134,21887.7055530285,95,262.214285714286,21881.0031306212,20389.5650415033,254,287.125,23343.3694914492,23034.3444495327,0,489,24226.4041739885,24079.1783955922,8,328.333333333333,23763.4280399505,23604.971045677,46,261.0625
Schlei_S29,25488.5415585083,24453.5147847662,117,263.060606060606,25731.1708177154,25248.6845226931,58,265.84,24338.6964881031,22859.9116308675,250,279.928571428571,25914.5786055812,25739.4991225978,40,229.4375,26443.7576791343,26337.1310400913,10,327.8,26280.8442896485,26120.8915528133,10,327.8,24369.9927427857,22944.6487597599,654,273.782608695652,25713.9951615462,25670.2914513616,0,489,26465.422272636,26385.3747606121,2,309.5,24900.2481667123,23983.7122718768,163,281.75,24363.3407271026,23876.256258808,126,266.047619047619,24338.6964881031,22859.9116308675,668,276.453987730061,25488.5415585083,24453.5147847662,57,259.791666666667,24052.2137878627,22298.0113103628,505,271.423611111111,26443.7576791343,26337.1310400913,28,265.444444444444,26574.7620019842,26529.0022183232,2,234,25518.8966762754,25222.1876767187,4,237.666666666667,25697.7854073969,25181.4859669019,82,226.1,26465.422272636,26385.3747606121,12,238.4,23725.3188496599,20719.7663619175,379,277.190476190476,24363.3407271026,23876.256258808,126,266.047619047619,25697.7854073969,25181.4859669019,40,229.4375,26574.7620019842,26529.0022183232,0,489,25713.9951615462,25670.2914513616,0,489,23725.3188496599,20719.7663619175,379,277.190476190476,24369.9927427857,22944.6487597599,654,273.782608695652,24900.2481667123,23983.7122718768,163,281.75,24052.2137878627,22298.0113103628,505,271.423611111111,25518.8966762754,25222.1876767187,0,489,26280.8442896485,26120.8915528133,26,269.375,25914.5786055812,25739.4991225978,83,233.52380952381
Schlei_S2_15cm,3716.13550325365,5077.39986957288,10231,135.332053742802,3313.72971152675,3939.48989811105,8387,145.414829659319,4834.64410193612,6922.83928754174,5881,122.903162055336,3034.68165761428,3244.32381265349,9747,110.962790697674,2290.23226175474,2394.11701946236,1459,152.010869565217,2464.52448796563,2622.82590255256,843,123.081967213115,4797.45411983175,6809.87075142378,16178,116.977337110482,3214.94332720481,3257.76594853545,1645,114.890510948905,2257.4231142031,2323.11641705855,1780,110.532467532468,4245.11373550521,5466.51900577292,4584,123.569230769231,4789.89417971233,5513.38127977259,5274,125.208219178082,4834.64410193612,6922.83928754174,16448,121.133991537377,3716.13550325365,5077.39986957288,4657,138.177777777778,5135.40048408621,7650.99942842615,11864,117.060955518946,2290.23226175474,2394.11701946236,3662,137.128787878788,2161.57027651481,2230.58334686383,958,151.934426229508,3497.08251681154,3915.01070169386,5070,137.461059190031,3374.92123626725,4058.91200140016,12706,106.89578713969,2257.4231142031,2323.11641705855,3621,109.64406779661,5498.41714311586,9788.6175770797,6590,105.186147186147,4789.89417971233,5513.38127977259,5274,125.208219178082,3374.92123626725,4058.91200140016,6025,106.973941368078,2161.57027651481,2230.58334686383,338,180.371428571429,3214.94332720481,3257.76594853545,4184,97.7607843137255,5498.41714311586,9788.6175770797,6590,105.186147186147,4797.45411983175,6809.87075142378,16178,116.977337110482,4245.11373550521,5466.51900577292,4584,123.569230769231,5135.40048408621,7650.99942842615,11864,117.060955518946,3497.08251681154,3915.01070169386,1963,155.4064171123,2464.52448796563,2622.82590255256,1874,140.842105263158,3034.68165761428,3244.32381265349,22287,106.8140625
Schlei_S3,3357.95801910177,4654.69401680539,12758,130.706314243759,2905.20439488112,3502.31018605011,12885,138.005617977528,4360.47952254144,6428.29763191041,9764,117.058124174373,2624.05734733519,2817.35979063213,19792,105.940548780488,1966.69498331749,2051.78454808508,2641,146.970802919708,2089.70827618723,2216.82108476844,1314,156.367924528302,4322.84471611714,6313.86208075527,29173,108.604733727811,2759.08395932089,2786.69948924165,6454,117.167938931298,1932.83132085281,1979.72023787194,4317,120.738095238095,3756.52807774976,4967.34264238375,10114,122.251712328767,4330.18714744742,5043.63825472689,8913,119.869070208729,4360.47952254144,6428.29763191041,28487,110.081656804734,3357.95801910177,4654.69401680539,4707,128.878731343284,4668.59300044344,7158.77512667374,18373,110.268789808917,1966.69498331749,2051.78454808508,7646,147.130952380952,1881.29826863617,1942.92664396957,2379,138.578947368421,3048.94185115909,3434.20571174552,11033,137.511387163561,3018.56885669778,3675.68772306419,18128,100.368421052632,1932.83132085281,1979.72023787194,10900,122.310126582278,5024.149355264,9273.91199862059,9460,99.7333333333333,4330.18714744742,5043.63825472689,8913,119.869070208729,3018.56885669778,3675.68772306419,7783,104.331828442438,1881.29826863617,1942.92664396957,746,141.546875,2759.08395932089,2786.69948924165,16739,107.650485436893,5024.149355264,9273.91199862059,9460,99.7333333333333,4322.84471611714,6313.86208075527,29173,108.604733727811,3756.52807774976,4967.34264238375,10114,122.251712328767,4668.59300044344,7158.77512667374,18373,110.268789808917,3048.94185115909,3434.20571174552,3615,151.580357142857,2089.70827618723,2216.82108476844,3844,155.569444444444,2624.05734733519,2817.35979063213,49738,100.848407643312
Schlei_S30,26333.4585770569,25268.5893126042,117,285.4,26575.8858576189,26083.6933024375,57,285,25186.9657758825,23640.6081064654,207,280.525252525253,26757.5920743159,26576.1365209141,42,255.5,27259.6782196534,27152.0225412685,8,335,27100.5772187222,26936.1099765484,8,335,25218.0560005593,23726.2937117387,504,276.623188405797,26561.0087525645,26518.5092295199,0,489,27281.1352904792,27200.6907211208,4,413,25747.8957534893,24801.5238936818,120,298.655172413793,25218.900638385,24716.9246562525,114,281.235294117647,25186.9657758825,23640.6081064654,509,277.157142857143,26333.4585770569,25268.5893126042,54,285.21052631579,24900.8002442817,23060.1502128572,389,273.741666666667,27259.6782196534,27152.0225412685,17,304.5,27389.4039460872,27343.8115901638,1,264,26367.9090964986,26073.1636432858,3,260.5,26540.9606445168,26004.3857100082,89,251.8,27281.1352904792,27200.6907211208,8,284,24566.5784346025,21403.3757694618,275,272.349056603774,25218.900638385,24716.9246562525,114,281.235294117647,26540.9606445168,26004.3857100082,42,255.5,27389.4039460872,27343.8115901638,0,489,26561.0087525645,26518.5092295199,0,489,24566.5784346025,21403.3757694618,275,272.349056603774,25218.0560005593,23726.2937117387,504,276.623188405797,25747.8957534893,24801.5238936818,120,298.655172413793,24900.8002442817,23060.1502128572,389,273.741666666667,26367.9090964986,26073.1636432858,1,258,27100.5772187222,26936.1099765484,16,312.6,26757.5920743159,26576.1365209141,91,261.9375
Schlei_S31,30320.9063167276,28995.0914890562,22,282.153846153846,30590.8940386302,29983.8634332835,10,326.666666666667,29104.745954218,27076.7870023348,44,298.46875,30789.8445417381,30555.550720707,6,325.2,31415.3589208372,31290.290907514,4,346.25,31236.0281923862,31033.4661153,3,372,29137.9761668158,27180.585000105,142,290,30586.9826540775,30538.9172556191,0,489,31438.8424387039,31348.7821530869,2,338,29683.8267643547,28475.7288818183,38,313.6875,29170.0033952769,28541.5052381366,11,291.142857142857,29104.745954218,27076.7870023348,145,291.246376811594,30320.9063167276,28995.0914890562,7,329.333333333333,28809.3205455429,26377.3160625931,107,288.413793103448,31415.3589208372,31290.290907514,13,290.571428571429,31552.2016365607,31496.803824645,1,269,30374.9439752465,30029.3374752627,5,281.5,30552.2047250602,29870.6192494789,13,276.625,31438.8424387039,31348.7821530869,6,287.5,28430.3581896547,24213.1268870496,96,288.039215686275,29170.0033952769,28541.5052381366,11,291.142857142857,30552.2047250602,29870.6192494789,5,306.25,31552.2016365607,31496.803824645,1,269,30586.9826540775,30538.9172556191,0,489,28430.3581896547,24213.1268870496,96,288.039215686275,29137.9761668158,27180.585000105,142,290,29683.8267643547,28475.7288818183,38,313.6875,28809.3205455429,26377.3160625931,107,288.413793103448,30374.9439752465,30029.3374752627,2,281.5,31236.0281923862,31033.4661153,12,294.166666666667,30789.8445417381,30555.550720707,14,290.444444444444
Schlei_S32,29483.0204687071,28258.2322034034,3,434,29739.0599026686,29180.9603540807,18,295,28303.7280749166,26448.6216376765,33,378.875,29927.1364959123,29712.1660197565,0,489,30453.8416049263,30336.8236566826,0,489,30289.9473212425,30102.3103339033,0,489,28335.6810256195,26543.3896561991,112,332.555555555556,29732.5989373605,29688.5739467352,0,489,30476.0189559799,30390.4622225133,0,489,28874.7920805291,27772.1253957288,45,379,28361.753344544,27777.372140214,20,262,28303.7280749166,26448.6216376765,129,335.333333333333,29483.0204687071,28258.2322034034,0,489,28012.3925405929,25786.8697586504,84,318.538461538462,30453.8416049263,30336.8236566826,0,489,30585.4657554009,30535.5730585424,0,489,29532.2778002524,29216.670029992,24,297,29699.6303900617,29068.0640438488,3,434,30476.0189559799,30390.4622225133,0,489,27645.326034886,23796.3673770868,64,328.818181818182,28361.753344544,27777.372140214,20,262,29699.6303900617,29068.0640438488,0,489,30585.4657554009,30535.5730585424,0,489,29732.5989373605,29688.5739467352,0,489,27645.326034886,23796.3673770868,64,328.818181818182,28335.6810256195,26543.3896561991,112,332.555555555556,28874.7920805291,27772.1253957288,45,379,28012.3925405929,25786.8697586504,84,318.538461538462,29532.2778002524,29216.670029992,18,295,30289.9473212425,30102.3103339033,0,489,29927.1364959123,29712.1660197565,3,434
Schlei_S4,3032.44684869476,4160.57785660708,9752,90.6334196891192,2516.47286387002,3113.76779564608,12161,110.747354497355,3640.892510371,5620.64382963364,10316,93.5594493116396,2352.52523938044,2652.42422376915,9391,75.5867208672087,1493.67572377628,1559.36482633923,15762,117.625396825397,1502.76550679109,1617.23421532423,3179,105.103004291846,3614.444034984,5524.1935372332,35160,89.6426940639269,2379.04010883406,2442.73742803974,3459,78.4974874371859,1471.09917396869,1500.42967415503,15074,93.9102564102564,3055.38581356742,4245.08472649377,14457,80.9664879356568,3622.82765535435,4317.93945994377,12328,78.2604712041885,3640.892510371,5620.64382963364,36003,94.2294520547945,3032.44684869476,4160.57785660708,2392,101.056530214425,3939.59616650562,6308.42338120358,21546,89.4413472706156,1493.67572377628,1559.36482633923,69549,121.871495327103,1543.55092306087,1624.03625810762,24939,115.810426540284,2563.20662955919,2855.07211505816,16152,107.932080924856,2824.26788815352,3492.66395019573,7597,66.4175531914894,1471.09917396869,1500.42967415503,67300,115.658878504673,4272.41859303794,8298.90730246339,9218,74.1181702668361,3622.82765535435,4317.93945994377,12328,78.2604712041885,2824.26788815352,3492.66395019573,1869,74.5619469026549,1543.55092306087,1624.03625810762,9622,126.471337579618,2379.04010883406,2442.73742803974,11842,71.9781931464174,4272.41859303794,8298.90730246339,9218,74.1181702668361,3614.444034984,5524.1935372332,35160,89.6426940639269,3055.38581356742,4245.08472649377,14457,80.9664879356568,3939.59616650562,6308.42338120358,21546,89.4413472706156,2563.20662955919,2855.07211505816,4944,117.957446808511,1502.76550679109,1617.23421532423,23298,119.688775510204,2352.52523938044,2652.42422376915,32034,70.7265353418308
Schlei_S4_15cm,3032.44684869476,4160.57785660708,9752,90.6334196891192,2516.47286387002,3113.76779564608,12161,110.747354497355,3640.892510371,5620.64382963364,10316,93.5594493116396,2352.52523938044,2652.42422376915,9391,75.5867208672087,1493.67572377628,1559.36482633923,15762,117.625396825397,1502.76550679109,1617.23421532423,3179,105.103004291846,3614.444034984,5524.1935372332,35160,89.6426940639269,2379.04010883406,2442.73742803974,3459,78.4974874371859,1471.09917396869,1500.42967415503,15074,93.9102564102564,3055.38581356742,4245.08472649377,14457,80.9664879356568,3622.82765535435,4317.93945994377,12328,78.2604712041885,3640.892510371,5620.64382963364,36003,94.2294520547945,3032.44684869476,4160.57785660708,2392,101.056530214425,3939.59616650562,6308.42338120358,21546,89.4413472706156,1493.67572377628,1559.36482633923,69549,121.871495327103,1543.55092306087,1624.03625810762,24939,115.810426540284,2563.20662955919,2855.07211505816,16152,107.932080924856,2824.26788815352,3492.66395019573,7597,66.4175531914894,1471.09917396869,1500.42967415503,67300,115.658878504673,4272.41859303794,8298.90730246339,9218,74.1181702668361,3622.82765535435,4317.93945994377,12328,78.2604712041885,2824.26788815352,3492.66395019573,1869,74.5619469026549,1543.55092306087,1624.03625810762,9622,126.471337579618,2379.04010883406,2442.73742803974,11842,71.9781931464174,4272.41859303794,8298.90730246339,9218,74.1181702668361,3614.444034984,5524.1935372332,35160,89.6426940639269,3055.38581356742,4245.08472649377,14457,80.9664879356568,3939.59616650562,6308.42338120358,21546,89.4413472706156,2563.20662955919,2855.07211505816,4944,117.957446808511,1502.76550679109,1617.23421532423,23298,119.688775510204,2352.52523938044,2652.42422376915,32034,70.7265353418308
Schlei_S5,3520.17181119905,4618.97356305959,4429,59.176913425345,3045.50241357584,3635.47543201435,2427,54.9776315789474,4037.70209955768,5920.28353420668,3283,69.0796568627451,2928.28907570308,3269.68156956851,2173,37.5452091767881,1724.46648466673,1739.94491600778,8203,86.2729083665339,1752.0765406934,1785.18081541095,5282,78.5665796344648,4017.72284210435,5839.45365793874,13293,71.0606060606061,2945.18196985165,3048.55028514985,543,45.0398550724638,1708.6181836712,1691.66964420253,8106,81.646,3510.9414054572,4602.63239031432,5338,61.0815286624204,4009.00470477584,4704.66872650894,3694,72.9073426573427,4037.70209955768,5920.28353420668,13469,70.7216610549944,3520.17181119905,4618.97356305959,927,58.5223880597015,4306.43573846363,6579.10910615287,8131,71.9044811320755,1724.46648466673,1739.94491600778,27312,101.773333333333,1789.78892568973,1860.21130735408,5307,95.2311557788945,3089.61619877431,3362.03683153442,3777,81.3897338403042,3369.81638729495,4065.94080080518,3815,41.0681233933162,1708.6181836712,1691.66964420253,26774,96.1722408026756,4618.94065884921,8453.54948579679,4437,54.4296116504854,4009.00470477584,4704.66872650894,3694,72.9073426573427,3369.81638729495,4065.94080080518,811,33.0739030023095,1789.78892568973,1860.21130735408,706,70.1342281879195,2945.18196985165,3048.55028514985,3204,52.4873417721519,4618.94065884921,8453.54948579679,4437,54.4296116504854,4017.72284210435,5839.45365793874,13293,71.0606060606061,3510.9414054572,4602.63239031432,5338,61.0815286624204,4306.43573846363,6579.10910615287,8131,71.9044811320755,3089.61619877431,3362.03683153442,616,65.7913907284768,1752.0765406934,1785.18081541095,12648,81.654740608229,2928.28907570308,3269.68156956851,10867,49.6297968397291
Schlei_S6,3048.27111598447,4258.29741007816,21258,74.8144690781797,2507.87657412307,3160.37086829025,24758,102.271764705882,3749.65070225537,5765.96217168593,14120,84.855309218203,2324.92944951101,2650.90325875041,18134,70.46875,1110.00502036927,1199.0336947559,20372,116.755294117647,1164.02693496455,1318.90359068981,4305,98.896449704142,3720.72988179383,5664.33491969691,52840,85.7454954954955,2383.34729521155,2463.25332531067,5948,82.1763392857143,1085.52611361609,1136.17653672677,18792,115.301886792453,3147.42988870241,4365.72373197239,21946,80.1207792207792,3735.3716665963,4467.13510853571,17001,80.5262345679012,3749.65070225537,5765.96217168593,54108,83.5484234234234,3048.27111598447,4258.29741007816,5435,86.9632768361582,4056.88127671451,6466.0813915427,32162,77.6901734104046,1110.00502036927,1199.0336947559,101922,148.387351778656,1154.93139950095,1233.0612196335,25900,122.620192307692,2591.06444487,2941.20713351349,26381,108.977203647416,2812.86340036341,3534.6200435374,16895,54.0595099183197,1085.52611361609,1136.17653672677,96711,139.100790513834,4394.68508241509,8465.02767454969,15161,59.4272189349112,3735.3716665963,4467.13510853571,17001,80.5262345679012,2812.86340036341,3534.6200435374,4357,59.9833836858006,1154.93139950095,1233.0612196335,2754,115.517543859649,2383.34729521155,2463.25332531067,19809,73.5882352941177,4394.68508241509,8465.02767454969,15161,59.4272189349112,3720.72988179383,5664.33491969691,52840,85.7454954954955,3147.42988870241,4365.72373197239,21946,80.1207792207792,4056.88127671451,6466.0813915427,32162,77.6901734104046,2591.06444487,2941.20713351349,7631,109.174509803922,1164.02693496455,1318.90359068981,32291,128.336,2324.92944951101,2650.90325875041,63331,73.8915254237288
Schlei_S7,2988.59836690108,4224.16933416285,20239,89.5799031476998,2440.76535911881,3075.6564599393,20602,104.181279620853,3789.53770554527,5839.2473039023,12795,91.7841043890866,2197.8727722899,2465.22669943964,38551,80.3709869203329,1117.49752161907,1215.78964139232,23553,168.671834625323,1188.07333813364,1353.81895405587,11071,160.501416430595,3754.19191869337,5724.72856632372,53851,90.9841807909604,2273.98096984589,2307.88801220805,13494,81.3470588235294,1085.62743638482,1142.63285150603,30217,159.961139896373,3171.46356306476,4410.62346208536,20614,99.4386920980926,3773.23532591692,4507.68141470747,17011,85.4448767833982,3789.53770554527,5839.2473039023,51730,96.7909604519774,2988.59836690108,4224.16933416285,5256,92.4120234604106,4104.85605652074,6553.55922481077,31116,87.0911161731207,1117.49752161907,1215.78964139232,75772,180.64989059081,1130.029808813,1193.91320975142,11234,112.023696682464,2538.43192626676,2900.14070393456,27342,96.7234042553192,2692.58426306695,3388.25067318646,25821,65.9417475728155,1085.62743638482,1142.63285150603,81877,165.689277899344,4453.28341707767,8599.43703491406,14105,76.0198757763975,3773.23532591692,4507.68141470747,17011,85.4448767833982,2692.58426306695,3388.25067318646,10180,69.0639269406393,1130.029808813,1193.91320975142,1219,104.787610619469,2273.98096984589,2307.88801220805,35791,69.213282247765,4453.28341707767,8599.43703491406,14105,76.0198757763975,3754.19191869337,5724.72856632372,53851,90.9841807909604,3171.46356306476,4410.62346208536,20614,99.4386920980926,4104.85605652074,6553.55922481077,31116,87.0911161731207,2538.43192626676,2900.14070393456,6497,113.216457960644,1188.07333813364,1353.81895405587,38487,179.4662004662,2197.8727722899,2465.22669943964,100083,74.1825396825397
Schlei_S8,3323.22758896262,4602.14131988178,11596,36.2616926503341,2793.48089581504,3467.3804384292,23320,9.41648106904232,4139.5170466801,6180.86266398139,21420,21.3552338530067,2577.26115657231,2905.73927563463,22798,29.2683741648107,729.066841779527,874.301267574337,766220,66.6202672605791,909.264765961053,1162.08758868954,215866,36.7594654788419,4107.98833027071,6075.1696335903,34452,39.2817371937639,2678.58058346399,2768.02849404362,6893,14.0893854748603,701.457748991296,808.679109105446,766486,63.6792873051225,3538.7540254537,4768.80314243809,13645,36.902004454343,4118.27109633684,4883.08904622951,10807,24.6703786191537,4139.5170466801,6180.86266398139,34737,58.0256124721604,3323.22758896262,4602.14131988178,7057,31.8885172798216,4446.00390992261,6886.89242475304,21092,58.6024498886414,729.066841779527,874.301267574337,800591,66.6202672605791,707.457220916163,771.133984998702,269492,64.5634743875278,2917.50148094882,3316.00369977654,11156,32.0478841870824,3054.75626769867,3810.06725917814,10497,30.4732739420935,701.457748991296,808.679109105446,799981,63.6792873051225,4790.3463127563,8890.69580327657,10285,42.7427616926503,4118.27109633684,4883.08904622951,10807,24.6703786191537,3054.75626769867,3810.06725917814,6826,19.0367892976589,707.457220916163,771.133984998702,267767,59.7249443207127,2678.58058346399,2768.02849404362,10197,36.5055679287305,4790.3463127563,8890.69580327657,10285,42.7427616926503,4107.98833027071,6075.1696335903,34452,39.2817371937639,3538.7540254537,4768.80314243809,13645,36.902004454343,4446.00390992261,6886.89242475304,21092,58.6024498886414,2917.50148094882,3316.00369977654,7040,13.4491620111732,909.264765961053,1162.08758868954,243991,43.7472160356347,2577.26115657231,2905.73927563463,33120,55.9632516703786
