Sample,WWTP_influence_as_tracer_mean_dist__nosed_18µm_autumn_222,WWTP_influence_as_endpoints_mean_dist__nosed_18µm_autumn_222,WWTP_influence_as_cumulated_residence__nosed_18µm_autumn_222,WWTP_influence_as_mean_time_travelled__nosed_18µm_autumn_222,WWTP_influence_as_tracer_mean_dist__nosed_18µm_allseasons_222,WWTP_influence_as_endpoints_mean_dist__nosed_18µm_allseasons_222,WWTP_influence_as_cumulated_residence__nosed_18µm_allseasons_222,WWTP_influence_as_mean_time_travelled__nosed_18µm_allseasons_222,WWTP_influence_as_tracer_mean_dist__nosed_0µm_allseasons_222_,WWTP_influence_as_endpoints_mean_dist__nosed_0µm_allseasons_222_,WWTP_influence_as_cumulated_residence__nosed_0µm_allseasons_222_,WWTP_influence_as_mean_time_travelled__nosed_0µm_allseasons_222_,WWTP_influence_as_tracer_mean_dist__sed_18µm_autumn_222,WWTP_influence_as_endpoints_mean_dist__sed_18µm_autumn_222,WWTP_influence_as_cumulated_residence__sed_18µm_autumn_222,WWTP_influence_as_mean_time_travelled__sed_18µm_autumn_222,WWTP_influence_as_tracer_mean_dist__sed_18µm_allseasons_444,WWTP_influence_as_endpoints_mean_dist__sed_18µm_allseasons_444,WWTP_influence_as_cumulated_residence__sed_18µm_allseasons_444,WWTP_influence_as_mean_time_travelled__sed_18µm_allseasons_444
20170329_G1,4216.81477028785,4854.23823558274,707,216.093922651934,3945.42499975565,4222.61965948982,2231,206.240963855422,4206.09310043087,5730.0969646194,2971,182.577464788732,4296.668901443,4780.89070851659,990,162.699029126214,3980.5896075484,4205.98742463246,11989,157.242937853107
20170330_G1,3914.97443504964,4645.72101873669,992,218.627705627706,3608.92632955022,3937.90324378072,2715,191.825581395349,4012.90248856173,5637.93347775422,3961,174.050675675676,3949.407282065,4465.01960032624,1051,177.595744680851,3611.44112243171,3846.28315680084,13059,148.475949367089
20170330_G10,4694.49889637567,5241.98476431132,986,219.914772727273,4485.72054722513,4697.9831189739,2641,203.640449438202,4594.27532641966,6026.45788075569,3115,190.03515625,4850.02102991708,5328.33291924432,672,188.175,4579.09017953951,4800.81896955652,6480,163.936599423631
20170330_G11,4427.93056947363,5027.83315366603,696,219.978378378378,4189.64516801765,4435.16999244857,2373,198.517615176152,4377.44035255766,5865.66397034446,3053,179.016981132075,4550.49400735908,5038.60498821849,387,184.513513513514,4257.50332107738,4483.38129174564,6907,159.536269430052
20170330_G12,4173.4589649197,4846.98629827008,928,199.296296296296,3905.74708683149,4192.04633559461,3121,194.432065217391,4203.51549859408,5768.37190906218,3544,177.676923076923,4257.02288006099,4765.12804548082,546,161.881355932203,3944.62968282496,4175.2387043939,8898,146.942786069652
20170330_G13,4887.93627586484,5410.4692323336,814,227.232258064516,4697.95187858571,4891.44070439077,1899,216.472972972973,4766.05823194019,6166.35287005176,2851,189.901826484018,5061.59115055453,5537.1379633232,571,178.5,4805.68976814438,5023.87360433141,6863,164.497076023392
20170330_G14,5419.12659548039,5848.95603143401,1044,217.509554140127,5264.65378768927,5407.56390522087,2645,207.845117845118,5208.14794205789,6498.69051097672,3064,197.496314496314,5624.81158543695,6066.28654179703,798,182.53982300885,5399.01520915713,5603.43520515753,6641,162.603498542274
20170330_G15,5322.39316957321,5777.5851837904,1174,200.851485148515,5163.19655899341,5316.94052054837,3156,202.296511627907,5138.03114605091,6456.16803859076,3357,186.221518987342,5523.79709446147,5978.2042761951,908,165.013888888889,5293.75303338608,5502.16997865533,8818,166.936111111111
20170330_G16,5164.74051332278,5660.32872479524,1183,211.065359477124,4995.92371777591,5168.43800286685,3079,195.445205479452,5022.43901379103,6384.26018221804,3037,191.9216152019,5356.18819499602,5828.195888357,907,176.721153846154,5118.22440328554,5331.98687508542,8955,168.638483965015
20170330_G17,5016.44290924146,5537.65498622558,975,215.880597014925,4837.08922272986,5023.94602451892,2269,203.415584415584,4898.50065173154,6290.46984295792,2481,194.06043956044,5197.87208034112,5678.19624492748,818,180.235294117647,4951.26788034514,5168.33463343332,7823,174.108695652174
20170330_G18,4913.58837791139,5448.31725916164,541,224.176470588235,4726.1991671583,4921.9411381155,1372,212.055970149254,4806.77243753885,6215.86168349634,2205,193.927835051546,5087.8420568914,5571.09000891335,383,183.383177570093,4834.57319575799,5053.49642241655,6972,170.551839464883
20170330_G19,4566.40580490107,5188.92102488606,1312,200.939698492462,4344.96026507131,4588.6094619694,3755,200.302631578947,4549.68446053487,6054.93858755348,3395,173.204899777283,4700.98064467311,5208.28766201522,909,158.503875968992,4422.62632469017,4649.32378254899,8980,164.326086956522
20170330_G2,3807.88409816779,4576.77523089196,919,199.256198347107,3486.4032235153,3837.34228836632,2654,184.752192982456,3954.48052847292,5620.36565840753,4098,171.26936026936,3822.78467762498,4351.36510532803,759,159.38255033557,3475.096716683,3714.51986465645,8687,130.336384439359
20170330_G20,4853.77650902382,5446.46659577208,1114,208.689265536723,4656.06600200501,4875.94583666031,2584,216.786231884058,4818.32362362904,6286.76320395194,3216,188.657216494845,5009.17258064042,5512.01056593687,780,169.321428571429,4750.09644904535,4971.2051890154,8334,176.784246575342
20170330_G21,5006.00343053492,5598.11705203165,1296,212.391304347826,4814.3546962885,5029.0922405474,4081,218.791519434629,4979.32726918596,6443.83347183787,3108,190.134020618557,5162.55099509811,5664.67769423265,865,175.840336134454,4909.67586109651,5127.09386987119,9110,164.263665594855
20170330_G22,5368.77315206838,5899.84819408408,1097,213.561983471074,5203.59356139861,5381.62265374401,2332,225.761658031088,5281.37179259127,6671.77146479931,2644,202.102310231023,5551.52856794675,6036.24366214893,900,186.586206896552,5319.86571473742,5529.31171786065,8352,179.991935483871
20170330_G23,5129.81869108726,5677.54711588501,848,211,4953.17157987299,5145.24568507342,2278,215.848837209302,5051.93222539403,6466.15739853227,2916,204.575129533679,5306.21646304772,5797.44782809711,638,175.233009708738,5063.99354765895,5279.38957052218,9559,183.440860215054
20170330_G24,5388.43463969422,5880.20836858086,1127,215.349112426036,5231.11395258825,5393.41905449015,2792,214.364285714286,5251.58730434333,6599.32647435631,3030,199.315403422983,5585.26201946341,6057.96334833334,902,182,5358.41146802637,5567.56587109877,8688,168.439189189189
20170330_G25,5475.55698133024,5847.36309567579,409,207.908571428571,5305.76183867785,5442.41464590041,1004,194.961904761905,5205.11867063148,6433.76037947338,2103,183.420233463035,5659.69134889524,6052.94104438007,271,179.5,5425.38857752531,5620.55573866857,2275,160.955271565495
20170330_G26,5404.84134506439,5792.46117219832,414,203.082802547771,5220.8411273553,5371.26010997521,918,191.732600732601,5150.87774981559,6390.45081190343,2062,174.488172043011,5571.60877385696,5966.19445918437,254,161.707865168539,5327.77016255335,5525.32587235327,2079,164.138513513514
20170330_G27,5111.10673111247,5544.84955313886,502,210.96682464455,4909.18834255477,5083.56597863529,1425,204.307901907357,4903.00080770013,6204.46268329433,2634,186.166986564299,5263.95830002979,5675.01353122514,303,183.514492753623,5003.51190127741,5207.70657867419,3439,164.45671641791
20170330_G28,4804.26465375537,5294.32360727376,475,211.987654320988,4590.69805828088,4787.81603243299,1542,213.126245847176,4648.01062782468,6021.943924755,2619,188.263157894737,4951.85159787234,5389.10368235284,312,185.94495412844,4677.99131164035,4889.95419260374,6738,165.278996865204
20170330_G29,4753.29980310903,5260.41270356438,516,211.421621621622,4521.59393569412,4736.25262680415,1470,198.221893491124,4616.07822192151,5998.82264503404,2459,186.09375,4877.01992104742,5311.74474110541,347,175.276785714286,4591.40605816646,4804.84733283987,7421,165.778761061947
20170330_G3,3887.86372392582,4637.74111015156,784,195.766839378238,3579.71179423248,3915.89119743925,2097,184.917553191489,4011.64048236003,5659.18125231694,3534,167.283018867925,3917.82939019266,4442.80468141444,435,155,3579.2663175295,3815.6638157899,9810,128.006833712984
20170330_G30,4553.88967277633,5102.46086646923,606,219.259259259259,4313.64612281661,4544.65078140933,2079,206.892307692308,4453.24754311362,5884.51194181266,2970,184.711827956989,4671.17594449509,5124.39351147543,867,177.769911504425,4376.50498707553,4593.97887794439,11509,161.834782608696
20170330_G31,4272.78115513917,4896.09688537961,843,206.217391304348,3998.18879598575,4274.32422661786,2453,206.327464788732,4250.46911626661,5755.15945079055,3240,187.288782816229,4348.72509694233,4822.78557212285,470,160.935064935065,4030.82231364964,4255.8087119677,10292,171.38338658147
20170330_G32,4181.16240287226,4833.61199776207,678,208.064935064935,3891.37480240273,4187.79788075578,1816,203.825242718447,4192.26603301594,5724.62685140796,2887,191.695852534562,4238.67806166022,4721.26527708403,415,171.898876404494,3911.33992252144,4140.95364944549,7515,166.160493827161
20170330_G4,4114.62114981351,4783.74611542655,730,223.141361256545,3834.13562426995,4126.99888122433,2314,200.149863760218,4138.48600750421,5696.98768291717,3252,182.814371257485,4182.53373246991,4679.05278419138,898,177.439252336449,3860.75924135485,4089.37347876592,11287,152.65873015873
20170330_G5,4372.22602319591,4973.56745586809,572,220.021739130435,4123.21910778822,4375.38452961617,1980,192.779944289694,4321.8598449194,5810.86724066241,2740,182.513800424628,4481.56292492045,4961.70987096344,310,190.209090909091,4180.52874780876,4404.74509936754,8261,155.492105263158
20170330_G6,4460.83111140699,5039.40712179226,569,214.634020618557,4221.34995579084,4460.71255286972,1935,193.677966101695,4387.48845097063,5853.55665626625,2850,181.676348547718,4581.83968427164,5055.54916010769,317,178.836065573771,4287.50802486686,4510.10029757202,6450,157.435967302452
20170330_G7,4684.48511862308,5212.60178325502,572,229.333333333333,4469.24040522403,4678.90254526638,1893,204.483974358974,4563.47667852578,5978.985238398,2721,187.303493449782,4833.40587832932,5295.0237265179,358,188.865168539326,4557.22026754879,4775.93284644584,5518,156.693641618497
20170330_G8,4784.44866017198,5288.47366721515,502,235.866141732283,4577.5950308765,4775.18888826971,1673,212.007272727273,4641.27120708719,6032.10405934673,2574,196.895631067961,4941.98897047626,5394.69776654915,320,199.620253164557,4672.4411815252,4888.1761418442,5686,160.25748502994
20170330_G9,4982.01646205045,5451.0784146857,727,210.849397590361,4793.64846375824,4969.91362341236,1982,213.320261437909,4807.52120072354,6160.18536162197,2760,195.223476297968,5158.13773265748,5602.37929922398,512,181.461538461538,4903.4325714193,5114.66695388863,5421,164.388235294118
20170403_G33,5779.51400010546,6120.69115458286,315,227.554140127389,5635.16610748264,5746.57085634069,771,213.724637681159,5476.11964654479,6662.4230132082,1662,201.298245614035,5988.01493636099,6377.40539299774,199,189.858585858586,5774.14548364624,5963.46183672326,1149,167.38783269962
20170403_G34,5903.61959143916,6230.49449997843,310,219.592105263158,5765.57011149931,5868.74699317057,784,209.131868131868,5585.28896546752,6750.30930108133,1720,199.545454545455,6116.2279060149,6499.90773752703,201,187.19387755102,5908.33033550688,6094.68766358415,1242,165.847908745247
20170403_G35,6508.75468028982,6763.52053566937,256,229.618320610687,6389.20438057789,6462.31240992405,627,214.614107883817,6107.69546387995,7147.84229447019,1203,204.777493606138,6722.06821312635,7066.73289014626,161,200.10989010989,6537.2074320375,6709.38274602044,829,167.55504587156
20170403_G36,6610.98075309628,6856.75807053058,251,218.969696969697,6491.91311118445,6562.98958120132,643,216.300429184549,6198.94670572664,7216.93367299496,1320,193.414043583535,6819.94109505341,7157.98865532578,159,183.022727272727,6637.8265789118,6808.07880881082,900,177.746606334842
20170403_G37,7572.7771930343,7721.22102243963,415,236.486486486486,7495.61860616968,7509.82298538767,1137,224.982378854626,7060.13992244161,7916.45394963434,1848,203.839901477833,7801.14674034429,8094.45047339545,235,188.8,7660.93637741974,7806.72123511535,1759,176.837837837838
20170403_G38,7725.52260809331,7859.06661882671,396,228.279411764706,7652.1197174527,7659.98812583329,1110,218.599137931034,7197.70664074376,8023.77611966266,1793,194.578406169666,7951.71640294149,8235.60221455094,252,202.979591836735,7817.09892434687,7958.95636519654,1755,181.073394495413
20170403_G39,7907.68227296449,8026.29094404554,345,240.016260162602,7838.04122298664,7840.10385874308,1049,229.961722488038,7363.78662658093,8154.37330002238,1650,201.315789473684,8129.91252170756,8402.93127451792,222,216.011764705882,8001.64592683443,8139.18432309296,1622,176.844559585492
20170403_G40,8135.12270322398,8237.39795586123,337,258.01652892562,8071.17208000659,8066.52014051051,1077,234.742574257426,7572.7902843073,8322.71058521001,1578,203.906849315068,8353.90473805573,8614.24337287322,181,226.608695652174,8233.88461991113,8366.12108853746,1689,185.263440860215
20170403_G41,8105.53144274982,8211.26459280562,330,255.25641025641,8039.83808748625,8037.39255465151,1080,232.91959798995,7546.53413527679,8300.96101213739,1499,207.197674418605,8323.05120543589,8584.80494454391,178,222.985714285714,8201.53792322709,8334.62049035565,1699,185.548913043478
20170403_G42,8633.25300011204,8704.8125939925,283,247.889908256881,8580.66792268205,8566.42822919529,887,232,8037.6983607405,8702.35256323747,1181,213.304207119741,8841.1851489733,9073.60978378643,159,220.294117647059,8738.81169217063,8859.48754349105,1211,193.940476190476
20170403_G43,8964.04348194651,9008.29840989192,295,249.88,8923.47682999933,8896.2845799548,876,236.74251497006,8341.05494835666,8949.15072211064,1252,218.165562913907,9171.80565212113,9385.56973580449,173,212.772727272727,9083.19026675156,9194.98532172307,2265,194.15
20170403_G44,9259.25292490964,9283.64582561441,197,260.026666666667,9226.74531256001,9191.68146950101,644,234.968,8617.35530244457,9174.9248685571,923,221.427906976744,9462.09152946583,9659.55001911982,111,213.119047619048,9385.1937993461,9489.65726432313,2542,185.628571428571
20170403_G45,9868.80733904667,9841.92066385224,337,249.535714285714,9857.60179640743,9796.52698724828,776,243.68115942029,9180.4913587346,9632.6965261449,1067,227.013513513514,10069.1039373874,10231.0700109247,363,221.440677966102,10019.5036328434,10106.5309573595,2874,200.691780821918
20170403_G46,10178.53020367,10124.5244851132,313,248.894736842105,10177.4755286806,10103.06332164,653,236.213740458015,9468.16191714633,9866.96142538762,1104,229.674418604651,10377.3883446948,10520.6227887971,610,210.586956521739,10340.9463247106,10419.3123391179,2821,195.776978417266
20170403_G47,10396.6558128913,10327.5722457855,132,268.851063829787,10399.4711038789,10319.2730723801,390,235.478723404255,9677.22321482311,10040.1137248697,739,239.477707006369,10591.1054617157,10721.0865152096,81,243.068965517241,10561.7206905594,10634.6452571287,1765,191.26
20170403_G48,10678.8426294993,10582.5288325952,151,270.38,10691.8990476785,10597.2774108892,419,252.510204081633,9937.56491001384,10251.8625047471,856,247.793939393939,10874.8171715368,10987.011580656,385,246.129032258065,10857.3311415183,10921.7943975006,1747,197.87
20170403_G49,10725.3983520445,10625.0587511727,149,270.466666666667,10739.8070206748,10643.1977256643,400,255.033333333333,9981.21918209578,10287.7220761987,834,251.472049689441,10921.2452443566,11030.5570299456,444,244.62962962963,10905.4839655264,10968.654934267,1609,195.583333333333
20170403_G50,11143.7860262201,11002.7260152799,226,286.730769230769,11173.6097855813,11055.0876220731,470,270.034482758621,10367.8195227884,10603.4347051214,818,251.308176100629,11343.7202639033,11427.650047407,509,229.724137931034,11344.5688418036,11395.9075010494,1551,201.629213483146
20170403_G51,11161.2832048108,11019.6797744242,210,288.183673469388,11190.9687249478,11072.5590403084,464,266.045977011494,10385.4535279856,10618.3157250566,804,256.326666666667,11360.391401013,11443.2569533168,192,253.28,11361.4748006504,11412.4924275883,1408,203.448275862069
20170403_G52,11173.8959214872,11031.021920807,217,285.803921568627,11204.0913407152,11084.9679855794,463,270.976744186047,10397.0438065158,10627.7889733653,799,257.322368421053,11373.2075490536,11455.3291683529,194,245.346153846154,11374.7990937403,11425.4677912923,1411,200.720930232558
20170403_G53,11103.7383382012,10958.1596494009,141,231.32,11137.9928652495,11013.2083582113,304,242.884615384615,10320.8935247272,10564.9107819869,809,228.657894736842,11313.4505531896,11401.8172368509,100,212.128205128205,11314.5379382634,11366.684713649,626,199.814814814815
20170403_G54,11463.9827954761,11289.63175441,139,239.052631578947,11508.1998623088,11369.311458523,268,254.107692307692,10660.4817884659,10844.7680356021,688,238.203592814371,11672.3845093042,11739.6079521272,85,202.931034482759,11685.8580862509,11728.8494647521,648,209.628865979381
20170403_G55,11385.2524546598,11217.9985638505,145,252.380952380952,11426.6237163186,11291.7711409494,289,255.313432835821,10587.1760103921,10783.8410349998,703,237.458598726115,11592.5673111506,11663.9202672437,90,216.354838709677,11603.2955977569,11648.2058712859,774,205.203883495146
20170403_G56,11642.0461616914,11459.3212312874,135,286.458333333333,11686.1389793207,11547.1559097613,395,277.175,10837.3389622304,10991.6995698548,725,252.902097902098,11842.4606366215,11897.6498427807,66,267.846153846154,11859.6259628785,11898.8293995669,728,221.904109589041
20170403_G57,12036.5005750932,11820.6560987818,149,277.75,12093.5100479839,11936.8972182915,347,284.22972972973,11207.5197459926,11299.447490191,739,259.118421052632,12239.0665123723,12273.4261732489,366,226.896551724138,12269.6556969137,12299.5565642565,942,219
20170403_G58,11610.4352173276,11441.6959810595,97,323.434782608696,11645.2578636259,11517.6917939761,503,291.023255813954,10824.8659594625,10991.0459349717,633,275.607142857143,11801.4410099896,11859.9287059766,33,311.2,11811.8679688965,11854.5084118139,373,240.076923076923
20170403_G59,12744.3401065676,12476.3169978574,141,268.107142857143,12820.9484501827,12639.4508694131,286,274.5,11880.2433724473,11867.5421184248,590,256.9625,12947.6953835659,12947.8325900926,669,225.727272727273,12998.8622645252,13014.0918866967,2058,216.686046511628
20170403_G60,14868.4182747027,14449.3340996506,126,294.787234042553,14993.0957385685,14747.6822383673,302,286.605263157895,13921.2518581664,13624.5466100056,531,256.56204379562,15074.06062797,14978.9804812376,60,249.428571428571,15175.0233878306,15151.6542248431,477,216.225
20170403_G61,14938.1554965484,14514.2780388181,121,287.333333333333,15064.2014970212,14816.7788184574,306,279.986486486487,13988.6760831549,13683.3477396485,535,255.015037593985,15143.6153182231,15045.5587506704,57,239.083333333333,15246.0937128199,15221.5007531539,657,217.830985915493
20170403_G62,15486.7618812227,15022.9714994649,136,265.268292682927,15625.1329109642,15359.9631472526,308,273.109589041096,14515.6844279012,14141.1357707659,592,258.2875,15692.6042310892,15570.3912641213,63,217.51724137931,15808.2376070542,15773.4190986998,642,218.302631578947
20170403_G63,15990.5606930317,15494.1740505595,116,268.111111111111,16138.8408483303,15860.1917882418,232,267.68115942029,15002.9695206346,14566.4195386173,513,257.717791411043,16194.8678765228,16049.8438873918,54,230.407407407407,16321.8063336017,16277.8858961161,331,207.397260273973
20170403_G64,16605.1647603313,16069.0802709033,51,311.25,16764.1345198477,16469.8434216344,173,272.205128205128,15600.5353813281,15091.0439248884,297,270.957746478873,16806.2090680577,16633.029670678,6,161.75,16945.8363851503,16891.0731446399,596,206.289473684211
20170403_G65,16934.7601729573,16373.7223996618,116,282.428571428571,17102.6760451662,16796.1944953266,265,276.875,15913.9781487292,15363.6979084864,444,276.4609375,17137.9287821254,16949.4204294927,49,233,17286.6654302116,17225.3293995907,977,212.814285714286
20170403_G66,17328.6999637065,16741.8802946674,121,269,17504.536404857,17186.4586939013,244,270.216666666667,16294.510887073,15697.0708442104,398,265.958333333333,17531.4490056198,17324.9243220024,72,225.466666666667,17689.0924366311,17620.5278043593,826,221.467741935484
20170403_G67,17735.8720079054,17123.1748475698,109,301.896551724138,17918.6666675744,17589.6776403269,252,292.632653061225,16690.2016759961,16044.0713040503,378,276.971962616822,17936.6036141353,17711.0282229187,788,275.933333333333,18102.8624755325,18027.011774596,1237,234.68
20170403_G68,18155.9131789969,17515.401287569,100,286.875,18346.0503850133,18005.0353970066,211,286.104166666667,17097.6003810044,16401.815702749,350,274.758241758242,18357.428897637,18111.7208648763,48,238.166666666667,18531.0759490858,18447.5621391322,1504,235.565217391304
20170403_G69,18255.5241141029,17610.4173184274,65,327.52380952381,18445.8404811922,18104.0717790771,174,300.305555555556,17197.4105886029,16490.1324910961,340,296.454545454545,18455.2011758603,18204.5276753699,213,237,18629.4684226491,18544.4186674177,1062,245.5
20170403_G70,18822.9782966538,18139.5708508618,97,270.65625,19024.0632410061,18664.3735435753,178,275.444444444444,17744.9618151347,16972.2448980612,325,257.818181818182,19026.7569750561,18749.5156725436,346,240,19210.8711767644,19115.7401907418,622,223.8
20170403_G71,18988.1828486602,18296.5009548869,68,285.75,19190.270485237,18828.6179927743,165,288.837209302326,17909.014075428,17116.8492452246,303,271.14606741573,19190.1425182532,18904.4779660093,443,252.6,19375.6509664949,19277.8183572434,555,228.219512195122
20170403_G72,19748.7019195371,19008.7447233077,76,287.407407407407,19961.8796624454,19580.7386897079,123,294.857142857143,18648.7979304956,17770.4133860463,225,280.953488372093,19954.6744646232,19635.1012656296,89,229.555555555556,20149.2275884649,20039.0279203641,959,223.976744186047
20170403_G73,20144.514177064,19382.2394520303,76,306.961538461538,20360.8467918309,19973.0489641643,114,296.771428571429,19039.187481678,18115.6387945131,216,286.592105263158,20349.8602766353,20013.3798206386,290,265.375,20547.0083941558,20431.2128931222,716,259.866666666667
20170403_G74,21039.179485944,20221.940833224,32,300.15,21265.4283211281,20856.524758492,69,296.107142857143,19913.2883117373,18889.4490137783,241,295.910112359551,21249.4315902305,20877.124356426,17,230,21453.7592934761,21325.4167900907,289,243.387096774194
20170405_R10_2cm,5282.08959688961,5682.2830482367,565,216.460784313726,5097.62501665407,5251.32966343814,1474,201.0888252149,5041.39823728472,6307.32091028816,2817,189.167619047619,5452.89277657209,5854.61785579011,531,180.30534351145,5206.23256502911,5405.73877887298,3255,156.743202416918
20170405_R12_6cm,5841.6960653074,6175.43257476239,322,220.58064516129,5700.4870421549,5807.71919817504,781,210.69741697417,5530.5972656814,6706.01565790776,1716,202.466814159292,6052.22862238314,6438.54554486263,211,183.19801980198,5841.34963487208,6029.14339637917,1181,164.238636363636
20170405_R13_2cm,6980.31162149805,7188.33684233854,280,228.087591240876,6877.47253387656,6926.96147479056,735,218.90756302521,6527.23521338289,7481.20494967336,1394,196.173267326733,7196.4178193847,7517.58123738822,407,189.341463414634,7030.94578140499,7192.26221241508,1376,175.625
20170405_R14_0cm,10014.1653752045,9971.79198065672,256,238.735632183908,10009.6229746546,9939.70639015324,518,241.204379562044,9311.94871720474,9738.77003084499,899,222.208,10216.873106511,10370.0843885693,428,212.984848484849,10174.2303632225,10256.8033134649,2424,200.231292517007
20170405_R15_3cm,10671.5616317881,10574.2787438936,215,256.714285714286,10685.4833957974,10589.8105416978,521,245.609523809524,9928.66548328794,10243.6850837067,963,249.176795580111,10868.9854507279,10981.5292253973,488,226.257142857143,10851.8212977847,10916.2148570106,1834,197.064814814815
20170405_R16_0cm,10847.2956535775,10738.092482351,93,283.235294117647,10864.1270133914,10763.7337302939,285,260.541666666667,10097.8014649963,10384.5020091196,632,260.648,11041.6508566735,11143.7108888864,221,239.684210526316,11029.5649619402,11089.7767149977,1437,206.2875
20170405_R8_3.5cmAV,4256.60048590826,4901.3633762174,821,210.285,3998.50428275387,4269.76072716748,2821,194.402010050251,4253.32205620602,5787.74425023138,3216,177.456721915285,4353.93729902666,4853.09422835664,467,176.083333333333,4047.42540589411,4276.07224655341,7759,154.658914728682
20170405_R9_5cm,5161.39346049881,5686.8460826244,1118,218.826923076923,4990.04873643582,5172.65505159297,2544,212.845878136201,5056.07736310549,6445.89571527703,3167,203.706310679612,5345.9631383628,5830.34925182629,872,182.038461538462,5107.21038138403,5322.06545995677,8671,178.219512195122
20170406_R1L_4.5cm,5446.07699759073,6835.63813587565,2120,191.034482758621,5120.4601401149,5789.84962252026,4457,177.095041322314,6736.3891147457,8825.30548172337,1842,138.517391304348,5142.36623465624,5829.60357711453,1408,157.49494949495,4869.39764092614,5112.05048307605,10276,139.490476190476
20170406_R2_1cm,4534.26748257183,5934.52267334709,2293,171.735294117647,4194.80871413326,4851.66215135936,3842,173.347962382445,5771.79934254735,7871.58244705633,2850,140.40251572327,4216.49696268384,4912.47457392963,1557,132.771241830065,3933.74039138721,4164.16361791699,10489,125.949090909091
20170406_R3_13.5cm,3935.26136815376,5311.89979661927,2923,151.247058823529,3555.95259065635,4191.52955694596,5318,152.823376623377,5091.47475979313,7184.5915774456,3617,135.820779220779,3599.34733704328,4286.23251616232,3986,118.367924528302,3281.84592498817,3496.6426877475,19529,116.633867276888
20170406_R4_3cm,3214.0047658075,4479.40018759037,4071,133.4,2733.38278403305,3325.74533530965,16798,139.830747531735,4155.12451162855,6213.15885417451,10748,117.710067114094,2882.45816610096,3530.68786874649,6091,99.4398976982097,2456.69879715215,2652.8768724875,58831,99.0898203592814
20170406_R5_2.5cmAV,2986.24027241212,4222.21121714757,4817,95.2712609970674,2440.87924719826,3069.87041391697,18562,103.632508833922,3797.27508642705,5848.69476483048,12692,99.1120186697783,2685.3257195491,3374.47304877452,8808,68.8219178082192,2192.82993030027,2451.08834029733,96333,79.609977324263
20170406_R6_3cm,2995.81630934671,4225.9486343525,5526,83.7400881057269,2446.40742062558,3089.49452574504,23818,106.059665871122,3771.03481587319,5814.27810842383,13422,93.6828978622328,2715.37730188062,3420.68819686733,8327,63.687595712098,2220.03326372188,2506.37802420272,100735,77.950056753689
20170407_R18_5cm,11817.4170748072,11617.6699229189,152,271.895833333333,11868.8027839595,11719.8054634194,412,276.6,10998.9625354169,11125.0389272811,739,247.292517006803,12020.9514041187,12066.9092215323,85,235.821428571429,12044.9184488055,12079.6110756028,962,223.5
20170407_R19_0cm,15340.9721586159,14887.6700438872,135,278.463414634146,15475.9505921932,15215.5401576924,305,280.530303030303,14375.889870219,14019.9060298575,534,265.619402985075,15546.5868413958,15430.8949931767,55,228.4,15658.602450208,15626.5337816558,639,219.402985074627
20170407_R20_0cm,18773.9268896653,18094.4115737141,74,288.09375,18973.6134064794,18616.1359482938,185,288.040816326531,17698.7427278288,16931.2538202028,324,268.60396039604,18976.3259688202,18701.0605949048,404,241.526315789474,19159.4644408673,19065.20029952,770,222.6
20170407_R21_6cm,19951.4317685478,19198.5938281628,82,244.965517241379,20167.3056655346,19781.1650103814,112,257.777777777778,18846.2302627027,17944.9350637378,299,257.728070175439,20158.4080050505,19830.2733721004,218,180.684210526316,20355.1458761391,20241.8590312305,950,223.627906976744
20170407_R22_2cm,20505.8431928029,19719.9875497669,61,292.538461538462,20727.3356058308,20329.6321625363,88,301.029411764706,19389.6938515279,18425.5946152093,294,276.150537634409,20714.4668048634,20363.5061855329,40,261.315789473684,20915.3537078971,20794.2357236271,281,233.871794871795
20170407_R23_0.5cm,24599.5300811168,23597.4749866267,34,279.454545454545,24842.7946539422,24370.1375758531,39,277.44,23444.1345828331,22042.8756405118,232,286.688679245283,24811.508359866,24316.5960340316,19,226.857142857143,25028.8758460382,24860.2291577133,45,248.842105263158
20170407_R24_0cm,25547.6086178026,24512.623675223,59,258.708333333333,25789.472941909,25307.5442426403,60,264.6,24399.9681900011,22918.9295277938,312,285.393442622951,25756.0809346825,25239.4709844865,41,222.266666666667,25972.2647955918,25797.2591699656,78,250.421052631579
20170407_R25_0cm,29152.9355897367,27900.4669328535,9,221.25,29416.4955281702,28842.9273928067,19,257.363636363636,27953.5156799826,26062.2583927172,136,289.333333333333,29377.0734782226,28732.4620647547,5,217,29610.1800694663,29389.2936115524,30,247.692307692308
20170425_G1,5774.11016783929,7159.17061582728,1623,224.972222222222,5443.10021684252,6114.78980966146,3668,193.830985915493,7060.34312183009,9142.30162930412,2126,141.407407407407,5473.44295663868,6160.78257099499,1014,199.911111111111,5193.88176519644,5440.9959223831,5460,141.820143884892
20170425_G10,4273.41577848155,5669.84820444829,2401,168.606936416185,3914.62925137917,4569.37607730647,5196,172.616788321168,5488.39214456575,7587.57494320289,3034,139.561797752809,3948.34505002711,4646.83568179092,2133,128.573643410853,3647.99287273593,3877.31198084418,14268,128.5
20170425_G11,4585.27003205573,5985.16663083741,1148,189.426470588235,4236.81187071234,4901.1011974741,2416,190.017391304348,5831.16256567941,7929.15379969222,1610,154.973684210526,4267.98887956036,4968.61365310521,612,151.739583333333,3975.72434902724,4214.01144749684,7948,129.737254901961
20170425_G12,4139.28404764859,5531.63639859447,1839,170.680722891566,3770.47852686159,4421.5168372316,3994,173.53488372093,5337.08876868197,7434.90665961664,2621,147.621621621622,3809.90487850408,4507.65082782053,1451,130.918032786885,3500.63822345547,3727.35076926185,14763,124.360128617363
20170425_G13,3878.8151516648,5248.65390298459,3017,151.688963210702,3494.8519009906,4125.33641560603,5437,156.004672897196,5020.62662900385,7111.54886508662,3896,137.638497652582,3542.04225157438,4225.59623895245,3730,117.191056910569,3219.94000417944,3431.58932042368,19355,114.024017467249
20170425_G14,3241.77177641809,4536.42109823128,4853,122.525129982669,2763.56593650144,3367.72993201208,13047,130.786545924968,4229.02644781416,6298.58017137664,10942,109.6425,2903.42589762502,3570.45405769976,5152,91.7862903225806,2481.75663674647,2683.28337868662,66017,97.5321100917431
20170425_G15,3051.50532023154,4312.80863576523,4695,100.13024602026,2524.83351235946,3139.55245988966,15458,103.128919860627,3946.54584555619,6009.12702662298,12129,99.7242178447277,2728.6972633602,3404.84952223042,3557,69.391167192429,2256.83351318242,2485.2790039464,64457,83.8576309794989
20170425_G16,3127.92401924561,4417.79758917784,7434,124.841191066998,2596.76061284764,3225.94377869478,38197,134.284518828452,4067.49280886649,6139.90145157531,13801,106.568149210904,2798.72634029997,3500.55579538989,6490,83.7674418604651,2323.206318358,2562.4009542104,101129,75.4212910532276
20170425_G17,3001.30291743904,4193.58494169974,2623,124.213302752294,2479.4803105456,3065.44541967632,8784,136.715083798883,3780.8777108219,5814.93626836239,9548,112.300132802125,2705.51755986232,3346.86875541087,3817,94.8272980501393,2235.64829956009,2464.26440345167,68567,91.0663562281723
20170425_G18,2977.5367539852,4203.6938069211,4135,92.617110799439,2433.8454038574,3058.42270719369,16180,102.755244755245,3773.05750881223,5820.30373569386,12404,94.8745644599303,2681.24735602047,3364.84748203225,7473,68.9165446559297,2190.49813477642,2448.3810397696,90324,83.0702947845805
20170425_G19,3001.37144054527,4225.21379832047,5454,80.5702127659575,2452.67668843608,3098.88471608674,24851,108.482880755608,3756.8555346508,5794.11483635746,13693,87.9736526946108,2732.57952912561,3441.60454457429,5559,58.9450222882615,2238.10568904667,2535.31521488874,97982,78.7858769931663
20170425_G2,5648.96176933279,7037.59055227732,1126,222.205128205128,5326.79898033125,5995.45488335205,2731,189.574193548387,6942.80272309311,9030.12663894606,1755,136.774011299435,5347.28545377264,6032.76138895921,614,188.702127659574,5077.04269469565,5319.2358307241,8052,135.615
20170425_G20,3138.2271016753,4395.25217572522,4624,98.4230769230769,2595.98197953562,3262.3758283061,15416,95.3546666666667,3916.34644515282,5954.93255534518,12648,83.6757457846952,2876.5348502364,3619.39045328096,3546,66.8248175182482,2387.8039487208,2710.76042356397,59027,67.5714285714286
20170425_G21,3209.80611281493,4447.88456357014,4990,85.6830985915493,2679.12937770166,3344.26866511232,15967,107.998745294856,3933.33108411395,5944.87131831144,11727,88.0852904820766,2977.70179070438,3726.17873729536,3905,64.2937743190662,2498.25822454007,2840.91199550275,44106,67.9048152295633
20170425_G22,3312.0201144211,4464.52805323799,5207,69.6264900662252,2813.28829291434,3434.69750745807,15122,79.4245939675174,3895.52276525457,5833.70620436053,12061,71.3935926773455,3136.65073831181,3855.64293151512,4460,47.4579310344828,2678.4626779456,3026.34061798027,30292,51.8187919463087
20170425_G23,3200.2281598275,4394.01334564639,6045,72.4860335195531,2681.64008778941,3327.81501310316,19525,84.9492924528302,3846.13567256254,5824.75296491239,13277,79.3103850641774,2999.26419507157,3733.13100860724,4806,52.4434654919236,2527.51932162109,2875.55107440549,47301,66.2071668533035
20170425_G24,3074.84538167495,4295.14748395757,5771,93.7850318471338,2534.64939941939,3192.84108016335,24447,105.878973105134,3785.92405594958,5803.57414064672,13812,87.3997524752475,2838.81878140598,3569.04762929913,4499,64.69176882662,2351.29709055485,2682.05494801907,62987,71.7235494880546
20170425_G25,3029.23145921872,4169.00577013768,2925,96.3738317757009,2508.95468019414,3115.35231631367,14266,108.501940491591,3648.60908911388,5633.82519079136,10945,99.817617866005,2817.87047688841,3494.43984672369,2325,70.2901234567901,2343.17082243606,2648.16792837258,36199,72.0600907029479
20170425_G26,2987.33632981695,4134.62627855575,2770,112.561023622047,2466.28589883824,3050.9554649559,9476,116.052015604681,3669.00961900279,5676.55300015303,10463,104.535141800247,2733.20839161208,3378.61623998963,4839,89.7795100222717,2261.15326064721,2519.61475057448,57624,87.7256944444444
20170425_G27,3056.12246537419,4138.71304872909,2018,124.033898305085,2562.48338033249,3112.69904988775,7419,123.510666666667,3643.77997913482,5608.56805268503,8637,114.565162907268,2849.91277245975,3475.89910252053,1422,92.2131868131868,2395.27860303257,2659.22438258238,25737,88.6448484848485
20170425_G28,3398.40070893077,4307.65709950942,942,182.930402930403,2997.71454917809,3443.89408021863,2663,163.281879194631,3735.30326674402,5544.07424587894,3597,152.478108581436,3321.78633272248,3898.17149969996,570,147.412087912088,2923.16551641811,3186.15556462521,7698,100.21200750469
20170425_G29,3400.88975322525,4313.19402345695,1145,182.14367816092,2992.43208348563,3450.05305402818,2690,168.717868338558,3733.08394767633,5536.04842923414,3102,163.777056277056,3323.13968842434,3905.48498301388,701,140.890909090909,2918.81926195359,3191.73193183366,5034,127.4317617866
20170425_G3,5469.63686022124,6857.53573505741,2253,202.473684210526,5141.68638119995,5811.76220378489,4978,191.802631578947,6758.40236734845,8846.03703780098,1939,144.597014925373,5166.51052655843,5853.68259285261,1310,162.136363636364,4890.88330168487,5134.710688468,9877,140.057142857143
20170425_G30,3509.9045641002,4381.23271015506,712,190.924324324324,3121.91790378548,3553.92529734488,1710,185.447852760736,3785.64441276512,5545.33097768409,2186,175.132034632035,3456.77994356,4024.14657729388,437,152,3065.38915209952,3332.96687347483,3870,138.037735849057
20170425_G31,3504.17324140615,4376.37599980808,1036,171.582375478927,3127.31242364261,3545.72041542646,2911,157.5,3790.73580003526,5563.74601110083,4081,144.43676222597,3453.51352887705,4015.95247250176,619,137.075581395349,3070.30786427632,3325.4495843956,6633,112.093511450382
20170425_G32,4853.40459750504,5500.80996905282,1094,195.354285714286,4640.25951721297,4884.79115250736,2854,179.472668810289,4894.02272636644,6421.15712137946,3324,169.288793103448,4978.41044634625,5491.04431103047,741,156.663793103448,4711.23720097834,4929.62557832239,5954,141.422077922078
20170425_G33,5678.00266792,6215.18374271745,650,206.711764705882,5517.77300281323,5691.59154846405,1723,199.095081967213,5609.86878714057,6999.29352601732,2736,184.429213483146,5853.92429334968,6334.6926161229,474,173.911504424779,5629.16554266755,5830.35472853996,4209,155.932384341637
20170425_G34,5826.2582496963,6319.91214457309,707,229.348623853211,5679.81734571061,5831.03207274683,1599,219.912790697674,5709.56804179703,7047.28470745155,2308,208.217391304348,6019.34634463541,6486.94881711395,564,199.733333333333,5804.91885916681,6002.61995949069,6232,161.167883211679
20170425_G35,6157.86500023169,6606.23125504253,1033,209.423841059603,6027.10950526021,6154.16095291269,2581,196.657627118644,5993.13035385899,7269.74751364143,2742,199.774580335731,6364.36463063041,6812.37164798679,803,178.952380952381,6163.45462036242,6353.31914013335,5737,161.833898305085
20170425_G36,5740.54073387176,6228.95926220156,737,222.595744680851,5593.55423301612,5744.26618561398,1692,206.01775147929,5615.1702643726,6950.0338085526,2377,205.95652173913,5936.65581773654,6404.22765425234,562,188.376811594203,5720.90724438895,5920.63916319594,7071,168.724696356275
20170425_G37,5688.81056110486,6181.60622218959,751,228.781609195402,5539.76796584991,5693.51934294361,1666,204.051282051282,5567.24652227925,6908.56606291275,2363,208.03937007874,5883.7353058566,6353.37478616765,576,186.403225806452,5666.09684297708,5867.13878814494,7138,171.434426229508
20170425_G38,7261.38865652421,7441.42556225394,158,224.709090909091,7174.55470867916,7204.11310125621,382,219.308411214953,6781.62934715187,7697.33938079637,1010,213.198198198198,7490.1048739866,7801.05093754379,77,186.378378378378,7337.85648405994,7491.67791686259,1401,182.487562189055
20170425_G39,7813.64753453699,7938.84170867913,346,236.565217391304,7745.42881318457,7747.34818163864,864,222.205882352941,7278.71587265911,8094.88808164075,1621,204.759103641457,8044.0997260508,8325.094193196,200,201.192307692308,7913.61191287412,8053.31580306914,1491,179.384259259259
20170425_G4,5313.2564701423,6706.43833617799,2284,182.787878787879,4988.33867185613,5657.02740979543,4440,172.702290076336,6601.68361396521,8692.99407920066,1787,132.892561983471,5006.8785479681,5695.83565345147,2083,146.127118644068,4735.81682069629,4977.05647528375,12288,137.044843049327
20170425_G40,8108.61574052465,8213.86615514526,332,255.008620689655,8043.18901840172,8040.39093443665,1081,233.381909547739,7549.17388665995,8303.1738988497,1519,204.435897435897,8326.41379045416,8588.04039160689,179,222.585714285714,8205.09240632277,8338.07400289759,1693,185.491891891892
20170425_G41,11143.9834205842,11027.7967315093,38,301.785714285714,11158.2345488155,11059.590696109,178,267.375,10402.4147049323,10652.367454848,353,279.014285714286,11326.6723436124,11415.9355794351,185,305,11316.3792674222,11373.664038116,509,243.619047619048
20170425_G42,11544.5155634984,11362.5422903642,127,222.830188679245,11592.0422236649,11448.5199311374,265,232.929411764706,10735.0033610771,10907.5760886338,695,227.839449541284,11754.9521683418,11818.3809304382,85,190.227272727273,11771.201721131,11812.3090075727,536,212.052631578947
20170425_G43,12915.260938784,12633.616857725,130,243.648148148148,12997.4933388191,12809.0884887333,286,249.707317073171,12040.9524428445,12004.4811876842,592,245.326424870466,13121.2734184638,13113.5164722985,83,203.771428571429,13177.3753264234,13189.0688116329,1738,204.474226804124
20170425_G44,12945.7078790555,12661.8360583985,138,251.724137931034,13028.7867261033,12839.3546196965,301,256.032967032967,12069.8931792083,12029.1793601439,639,239.755102040816,13151.9569345883,13142.8113970817,123,208.162162162162,13208.8561715979,13219.9620217387,1732,203.020618556701
20170425_G45,12991.0075231353,12703.7453631397,144,248.126984126984,13075.4002728502,12884.3613525748,310,249.191489361702,12112.8432060136,12065.8706628589,666,231.597087378641,13197.7048053239,13186.5080836355,125,209.073170731707,13255.8176795743,13266.0429388753,1200,203.893617021277
20170425_G46,13921.4412306852,13571.814916944,138,271.66,14025.2280035691,13809.5931708655,309,255.301204819277,13010.5870938584,12836.8687200668,586,255.481707317073,14126.6444118836,14074.4679458635,66,234.733333333333,14205.5482483097,14199.7620010323,403,218.325581395349
20170425_G47,14032.2187609953,13674.0693103535,157,270.912280701754,14138.8690520517,13919.3151922001,337,260.191489361702,13116.2375139932,12927.6462744095,615,251.022857142857,14238.0006901436,14180.8085670399,87,237.5,14319.7562264913,14311.8436145535,415,219.070588235294
20170425_G48,14530.3075027562,14135.4949120941,123,257.490196078431,14647.8113519965,14412.7883576747,288,252.380952380952,13595.5057985442,13341.7152304484,616,244.725888324873,14736.1560653707,14656.168613503,61,221.323529411765,14829.4186992997,14812.2093432273,436,218.471264367816
20170425_G49,20319.0852096299,19549.3879814115,50,335.25,20534.928902662,20146.3216925569,75,317.421052631579,19215.2987949561,18272.8692120354,188,286.52380952381,20523.0789564779,20180.1894364834,11,227.666666666667,20719.5134665031,20602.0190594494,218,246.2
20170425_G5,4976.53407524711,6377.53898580655,2622,176.983695652174,4652.80932236812,5315.99974405829,4497,169.154385964912,6247.72852594762,8345.46853039948,2300,131.494117647059,4664.24060135634,5356.85349584352,3562,138.463235294118,4396.77705944338,4632.30154003549,11910,129.489795918367
20170425_G50,22679.7610363339,21762.3598701962,32,277.411764705882,22922.4872104463,22473.3656788536,59,262.666666666667,21518.2094973324,20311.3918440462,285,285.968,22899.7465107638,22464.4134886273,24,241.272727272727,23116.4287622601,22965.7989824236,167,219.769230769231
20170425_G51,23169.2496038268,22223.50298847,34,252.833333333333,23414.6350113085,22955.6486747717,54,253.290322580645,22002.4978122393,20740.7593110518,280,268.931034482759,23389.2962592638,22934.5562419015,25,199.055555555556,23608.1752144241,23451.0147333058,100,230.857142857143
20170425_G52,23633.4785985293,22662.0764680739,69,289.967741935484,23880.842710895,23413.160372982,91,282.72972972973,22463.3538017099,21150.0143072565,369,287.744,23853.0923763449,23380.3079871955,89,240.909090909091,24073.652097704,23910.4668394573,330,231.939393939394
20170425_G53,23623.9669505571,22653.8967201285,58,275.233333333333,23870.8207330231,23404.0740931668,74,274.888888888889,22455.1353704354,21143.0649552015,299,288.109090909091,23842.9603358104,23370.6351744066,83,233.333333333333,24063.1571149209,23900.2546862972,336,231.727272727273
20170425_G54,23653.1968179937,22685.3648098546,18,322.5,23898.3702439475,23434.0044035734,29,307.611111111111,22488.8199336478,21175.20399428,176,286.8,23870.0825756984,23398.2413441834,13,288.428571428571,24089.0468129202,23926.7757499994,75,249.809523809524
20170425_G55,24118.8690907955,23133.718890532,45,282.782608695652,24363.2166165227,23894.7357725337,56,289.655172413793,22958.5979116733,21600.0080692738,272,274.742857142857,24333.2350705958,23849.6042220516,26,242.083333333333,24551.5276323486,24386.0018402047,69,239.304347826087
20170425_G56,24767.6977127458,23758.4732207226,21,292,25011.140875221,24536.1435266504,24,298.0625,23612.561240165,22195.3394390149,199,284.418367346939,24979.3935727829,24479.9321726822,9,265,25196.8807550772,25026.804548824,49,237.571428571429
20170425_G6,4713.09261401571,6115.86534197498,1917,169.351955307263,4378.27919495673,5041.2758357599,3511,169.685714285714,5970.02786001566,8069.24403627011,2198,141.385496183206,4397.81543475852,5094.94664431348,1508,135.568181818182,4119.31605573087,4354.89224451825,11596,124.544401544402
20170425_G7,4577.45626424763,5977.70344143963,2155,171.156097560976,4240.48925754899,4897.28452596738,3575,171.231012658228,5817.27010349508,7916.90471782597,2656,138.673139158576,4260.62871559736,4955.93684164979,1463,133.830065359477,3980.18967354165,4210.59169902317,9685,125.909090909091
20170425_G8,4451.24641186386,5841.10053282501,1522,183.386904761905,4109.75039450239,4755.76595054695,2439,180.080568720379,5661.88528451403,7758.70852007854,2794,147.609442060086,4132.61995667961,4821.55524018997,931,142.231481481482,3848.31144041282,4071.20944671848,8858,125.81654676259
20170425_G9,4164.52526491748,5552.55019409978,3209,160.506493506494,3804.10636445764,4449.09471037615,5567,165.440579710145,5356.66102311836,7453.61530107285,3611,135.293413173653,3835.308382666,4526.17082009976,4947,128.07027027027,3535.28013179077,3756.43982043948,15912,125.711656441718
20170426_G57,25956.6540843895,24910.9951309039,41,296.769230769231,26197.2055207192,25712.6714323057,42,293.928571428571,24813.8316136789,23304.9602364963,183,304.869565217391,26163.2618307622,25638.7535010803,36,284.2,26378.3969593289,26201.181583609,85,271.6
20170426_G58,26276.4343803029,25216.192725611,40,286.923076923077,26518.0486346263,26027.9450621567,42,283.466666666667,25131.8661821756,23593.5318493232,164,291.338028169014,26483.366799999,25949.5317994855,36,281.6,26699.3502628018,26518.9417642413,90,265
20170426_G59,26563.0928096577,25489.6225342427,50,277.857142857143,26805.7389381889,26310.4758019979,51,284.090909090909,25416.5968178674,23851.4372347399,197,295.482352941177,26770.4355699123,26228.3009426196,35,229.583333333333,26987.2424844117,26803.9614059434,83,268.8125
20170426_G60,26924.5565436297,25835.4449486478,29,232.5,27168.1967965344,26666.8944092722,31,233.785714285714,25776.1961791648,24178.7664745963,182,283.029850746269,27132.2306517558,26580.3601652467,24,224.25,27349.8428183576,27163.2205048061,71,239.9375
20170426_G61,27667.9994775219,26522.312228229,44,304.65,27920.0698196311,27393.3559079783,45,309.52380952381,26498.7022841309,24800.0326241506,262,291.566666666667,27882.0006814481,27297.2139952165,31,253.166666666667,28106.2835538269,27907.1511655013,81,246.529411764706
20170426_G62,28198.8587187318,27017.8014709474,27,264.181818181818,28454.7917809415,27912.7514479138,32,273.153846153846,27019.6610709276,25256.4444104059,181,299.012987012987,28415.9233005621,27810.3748906527,17,259.375,28643.2326553301,28436.4776001422,77,245.705882352941
20170426_G63,28296.8001206998,27108.1242052341,24,258.846153846154,28553.634323405,28008.2270630846,30,267.333333333333,27115.2337965257,25338.7124375893,186,306.792207792208,28514.6384113171,27904.7030475946,16,253.4,28742.6493161501,28534.2797332412,71,246
20170426_G64,28388.1033718234,27192.2722631058,21,263.3,28645.7686106412,28097.2072672161,28,266.461538461538,27204.346216012,25415.3509931601,172,302.742424242424,28606.6664162061,27992.6346514426,15,259.428571428571,28835.3230586429,28625.4586339864,63,259.428571428571
20170426_G65,28721.8709118017,27503.0754411406,12,215.571428571429,28981.8583640729,28423.3432430754,19,218.888888888889,27531.9818637587,25701.0981755908,84,289.282608695652,28942.4932568229,28315.6392864916,9,212.4,29172.9437692237,28958.5043249361,40,263.466666666667
20170426_G66,28991.9520382754,27750.5543496629,9,260.166666666667,29254.532641497,28685.8145704747,17,267.555555555556,27795.1239355934,25924.1026493206,129,293.692307692308,29215.1087069742,28576.3578121239,8,261.4,29447.4975579298,29228.6994937634,35,247.357142857143
20170426_G67,29353.0505254695,28087.3104426733,15,252.7,29617.7000516874,29038.3223105698,21,265.75,28150.7884161599,26235.1403296904,92,287.237288135593,29578.3013871622,28926.6404104213,9,259.857142857143,29812.1994737418,29588.8100463234,23,255.75
20170426_G68,30895.6154012755,29556.7172056142,4,445,31166.9269993489,30553.71740447,4,445,29676.1497018783,27618.7889815515,15,375.857142857143,31128.5106149815,30441.8273314085,0,489,31367.0505012108,31130.8296925261,6,333.5
20170426_G69,29959.5392394998,28652.5494686972,5,191,30227.6796758111,29629.6674976225,10,203.714285714286,28748.1505531595,26757.1194981056,55,275.390243902439,30188.6312165725,29515.4056457665,4,195.25,30425.0057662053,30193.8484439433,13,226
20170426_G70,30302.7333255074,28977.275623359,7,329.333333333333,30572.7251220864,29965.8322676453,10,326.666666666667,29086.5507263029,27059.485512662,44,298.818181818182,30534.0451304961,29852.642958212,5,306.25,30771.6862389968,30537.4486241277,15,272.7
20170426_G71,30330.8976644017,29004.0660571317,7,329.833333333333,30601.0623916084,29993.4723927955,10,327,29114.2636078546,27084.4180299049,48,303.454545454545,30562.4279252572,29880.5435564001,4,306.25,30800.1849826909,30565.7501816008,13,290.444444444444
20170426_G72,30388.1348275366,29059.7742743276,8,329.666666666667,30658.4093004081,30050.1125976296,10,334.125,29171.2362434359,27137.7502871174,47,298.633333333333,30619.7876932379,29937.2363756801,4,306.25,30857.6212098498,30622.9489332219,12,294.75
20170426_G73,30630.6329233393,29294.0091253343,3,392.333333333333,30902.1852140614,30289.5306611049,6,342.333333333333,29410.3695737394,27358.7735822323,42,313.939393939394,30863.963043654,30178.7536722807,2,366.5,31102.6426041039,30866.8024519834,11,285.888888888889
20170426_G74,30653.1376593138,29315.3112263647,6,343.666666666667,30925.0573209727,30311.5843634234,11,338.2,29431.8758362174,27377.8609249732,52,312.282051282051,30886.9951599107,30201.6933707921,4,294.75,31125.910031297,30889.9431176216,12,297
20170426_G75,30754.3794880179,29414.1583371495,7,298.5,31027.0639714488,30412.0287932604,10,301.555555555556,29531.057069916,27472.4401950342,70,289.375,30989.3559108767,30304.1144245429,4,270.333333333333,31228.7554191646,30992.6092907677,14,281.222222222222
20170426_G76,30850.4915450325,29509.151195689,5,235,31123.4751843481,30507.7936977266,8,235.666666666667,29626.3844124895,27565.2753210368,58,294.953488372093,31085.8948053762,30400.3758848501,2,144,31325.4853135005,31089.1760347013,12,281.333333333333
20170426_G77,30794.4710135508,29454.0527311469,5,235,31067.5460167917,30452.1244418863,8,235.666666666667,29570.0832313907,27511.0550013811,61,290.363636363636,31030.053693519,30345.248922243,2,144,31269.6937519443,31033.5828810337,16,281.333333333333
20170426_G78,31060.7743623242,29720.1822644491,1,215,31335.0342548244,30718.4590724552,1,215,29833.2101718361,27775.8143351037,26,295.095238095238,31298.2407649302,30614.3515670042,1,215,31538.597210207,31302.4614134775,2,164.5
20170427_G79,28232.8872287203,27043.695344016,30,269.857142857143,28490.409367706,27944.2925247679,37,284.176470588235,27049.4516045403,25273.6411928751,197,279.775,28451.4336828122,27841.5147760393,20,247,28679.962607443,28471.4098145784,75,246.066666666667
20170427_G80,28475.5152259139,27262.2887993734,26,229.583333333333,28736.3892497473,28179.193493778,31,227.5,27283.1618361573,25466.0725626582,166,286.397260273973,28697.2013886123,28074.1908936952,50,217.142857142857,28928.2927732899,28714.8533914298,101,221.941176470588
20170427_G81,28709.8179411897,27470.8449963333,23,278.615384615385,28974.2616924927,28404.8786397588,32,291.4375,27507.8152171633,25647.0906174234,251,280.231578947368,28935.2767816853,28299.6188396149,14,254.285714285714,29168.9604553024,28950.7198226947,101,232.538461538462
20170427_G82,29019.1885168881,27773.733639224,12,246.222222222222,29282.3760345455,28711.6925620999,25,266.923076923077,27820.7236651201,25942.9512532103,140,293.986111111111,29242.986884365,28602.2601734401,7,269.4,29475.8160734177,29256.2508370659,34,242.615384615385
20170427_G83,29183.9332603154,27939.6578810331,10,255.166666666667,29445.6683824596,28876.5173550846,16,267,27989.4540299725,26110.2598091461,70,330.888888888889,29406.1202696834,28765.1737882178,9,249.8,29637.9039848745,29418.6074675859,24,256.333333333333
20170427_G84,29107.5987659404,27868.5767370108,11,259.833333333333,29368.8312630848,28801.9943646007,17,270.111111111111,27914.4465273957,26044.8164575094,66,326.515151515152,29329.3003208965,28691.1511275423,9,255.8,29560.7083422172,29342.4152388176,29,264.333333333333
20170427_G85,28816.4064126939,27598.0595592853,11,272.285714285714,29075.5362306815,28517.8039965931,13,273.888888888889,27628.8322339895,25796.6283019459,60,308.290322580645,29036.1370999853,28409.1578423931,8,274.4,29265.9502447342,29051.6780835618,39,276
20170427_G86,29022.5504367437,27805.9017983777,6,337.333333333333,29279.7918589044,28723.9674779069,11,319,27840.0119991878,26006.0452916612,49,311.285714285714,29240.4026441825,28613.7586932531,6,337.333333333333,29468.8010953744,29255.0931045833,20,298.666666666667
20170427_G87,29161.5474713251,27940.8728284814,5,352,29418.674699704,28861.4336790489,11,321.666666666667,27979.3216995663,26136.523912751,35,304.235294117647,29379.2499847484,28750.2211442725,5,352,29607.5719656494,29393.1385578234,16,283.5
20170427_G88,29536.6299016002,28316.8428039584,0,489,29791.3858983805,29235.9419650383,7,285,28360.7628648666,26512.5015905834,20,376.5,29752.0506143218,29123.1242762887,0,489,29978.5678487397,29764.7401813759,0,489
20170427_G89,29729.2910907223,28502.7062021892,0,489,29984.4040707318,29426.1905882674,0,489,28552.5694870285,26690.9518734797,21,367.111111111111,29944.9840943892,29312.2674206336,0,489,30171.7814210976,29956.673160325,0,489
20170427_G90,29765.8979622776,28538.7306025467,0,489,30020.9458457306,29462.5522309207,0,489,28589.3694234701,26726.3308889669,21,367,29981.5218265679,29348.4684171717,0,489,30208.2696370911,29993.0710559487,0,489
20170427_G91,29591.509955023,28360.4155928444,0,489,29848.2047599399,29287.3305441989,14,277,28410.5283386752,26544.0062086705,36,371.875,29808.6968990918,29173.6797085453,0,489,30036.707358534,29820.4909606463,0,489
20170427_G92,28431.3126409266,27246.0234960218,12,293.833333333333,28686.2311147865,28143.3905635767,14,286.125,27254.868158769,25480.1760361824,81,322.794871794872,28647.2941950765,28038.7478680139,7,301.6,28873.8492685199,28666.4191459692,36,278.583333333333
