Sample,Concentration,Concentration_predicted,Concentration_observed,MassConcentration,MassConcentration_predicted,MassConcentration_observed,LON,LAT,SedDryBulkDensity,Depth,Dist_Land,WWTP_influence_as_mean_time_travelled__sed_18µm_allseasons_444,WWTP_influence_as_mean_time_travelled__sed_18µm_autumn_222,WWTP_influence_as_cumulated_residence__nosed_18µm_autumn_222,WWTP_influence_as_mean_time_travelled__nosed_18µm_allseasons_222,WWTP_influence_as_cumulated_residence__nosed_0µm_allseasons_222_,WWTP_influence_as_mean_time_travelled__nosed_0µm_allseasons_222_,SED_D50,perc_MUD,PC1,PC2,Type,outlier_excl
S01,6603.0,7048.304857070671,6603.0,5061.0,5500.697580632668,5061.0,9.55716666666667,54.5075,682.779768935,2.7,369.8429452143173,136.888372093023,151.561403508772,2197,172.552941176471,1800,138.289361702128,12.594999999999999,85.3,0.3000424956442592,0.08774978476854665,observed,False
S02,1768.0,1338.8409254307471,1768.0,1111.0,762.3400845137893,1111.0,9.59055,54.5077,1425.7932445000001,3.6,297.0150859466594,106.8140625,106.973941368078,4657,145.414829659319,5881,122.903162055336,261.15,13.8,-0.4571650554059937,0.0740383850717472,observed,False
S03,5750.0,7790.052519664026,5750.0,4089.0,6196.142072308215,4089.0,9.60065,54.50865,700.6892134400001,3.8,206.01152787136837,100.848407643312,104.331828442438,4707,138.005617977528,9764,117.058124174373,12.54,84.3,0.2789009466613015,0.09645406358349974,observed,False
S04,1241.0,1366.6659418461036,1241.0,1194.0,781.2278304205788,1194.0,9.62385,54.5192166666667,1408.2582508,2.8,248.94778811329016,70.7265353418308,74.5619469026549,2392,110.747354497355,10316,93.5594493116396,199.35,15.5,-0.3870005167091468,-0.08000872778157314,observed,False
S06,10275.0,10908.287967230503,10275.0,6544.0,9248.885698760414,6544.0,9.61715,54.52205,783.2392290800001,3.0,545.9562939628771,73.8915254237288,59.9833836858006,5435,102.271764705882,14120,84.855309218203,22.76,77.3,0.27486528137347643,-0.002769223515469738,observed,False
S07,7914.0,8762.491810463715,7914.0,7059.0,7126.9705576876895,7059.0,9.61201666666667,54.5182666666667,808.99258852,3.2,536.919658395188,74.1825396825397,69.0639269406393,5256,104.181279620853,12795,91.7841043890866,25.01,74.2,0.2664322892507263,-0.060942197667788175,observed,False
S08,27610.0,23998.87228384706,27610.0,25666.0,23632.93558757605,25666.0,9.60645,54.5252666666667,698.9701096000001,2.0,151.00522003281654,55.9632516703786,19.0367892976589,7057,9.41648106904232,21420,21.3552338530067,19.32,80.7,0.28116966258304416,0.03448098702023502,observed,False
S10,2279.0,2530.0903974253506,2279.0,2128.0,1625.615661753347,2128.0,9.60355,54.5252666666667,1484.3533708,0.8,28.117970644397804,38.0534521158129,6.47909604519774,4841,7.17817371937639,14146,11.5501113585746,218.85,8.3,-0.4526444390831608,-0.07060698857224777,observed,False
S11,12467.0,11198.903645166984,12467.0,18346.0,9542.79591103008,18346.0,9.61441666666667,54.5237666666667,787.0695264800001,2.9,406.58078796411104,68.5180586907449,69.5134474327628,5664,112.08275862069,12911,91.225,28.49,76.5,0.2689970365361009,-0.004514033623295651,observed,False
S13,4718.0,5372.261950591283,4718.0,3947.0,3982.0584447645574,3947.0,9.62153333333333,54.5156666666667,921.3178503,3.0,480.4983352306135,90.4746760895171,92.0394431554525,2741,120.068692206077,10038,108.782389937107,42.4,64.5,0.2169801537786838,-0.1378182474345166,observed,False
S14,148.0,779.6696520128065,148.0,42.0,400.6469896667438,42.0,9.63885,54.5171666666667,1304.17103788,2.3,162.92993161940737,109.713302752294,117.276785714286,676,147.212307692308,2770,138.016427104723,166.4,27.4,-0.2705398644537774,-0.029683569315475503,observed,False
S15,428.0,613.18943939723,428.0,154.0,301.0556282255444,154.0,9.64575,54.52005,1350.4794096,2.2,155.05765378359447,137.850152905199,143.838983050847,638,171.728395061728,1969,165.737288135593,275.1,23.2,-0.35959525670085235,0.16057298100142764,observed,False
S16,5078.0,5121.943154502971,5078.0,2044.0,3762.288428948333,2044.0,9.67003333333333,54.5139666666667,756.5610712,3.5,851.2174742252736,148.690176322418,178.381355932203,741,199.012531328321,3189,171.799256505576,19.71,78.8,0.26194818458539937,0.04699278654328064,observed,False
S17,596.0,469.9560283022037,596.0,177.0,219.37154931428026,177.0,9.68298333333333,54.5072166666667,1478.63211568,2.3,997.4166439267323,171.549668874172,164.973451327434,711,205.052434456929,2425,189.021844660194,415.5,8.1,-0.509577287371223,0.28842252384926387,observed,False
S19,208.0,294.940299589415,208.0,53.0,126.02487310992008,53.0,9.70261666666667,54.51255,1544.04104404,0.6,35.40805481670847,179.666666666667,203.481481481482,62,212.520661157025,473,208.464730290456,187.8,1.7,-0.4827909197618823,-0.2506650782277331,observed,False
S20,1920.0,1381.8180729789156,1920.0,450.0,791.5439973744901,450.0,9.69136666666667,54.52185,1295.23374694,3.5,488.9738226499066,158.792792792793,182.718518518519,575,207.484679665738,2983,192.242937853107,102.7,27.8,-0.1178357484498775,-0.3607569646693198,observed,False
S21,5962.0,4744.842931224599,5962.0,3695.0,3435.068186095319,3695.0,9.73118333333333,54.5275666666667,731.46641506,2.1,223.23074588732334,181.227488151659,191.631578947368,200,225.88198757764,1230,207.498349834984,15.32,83.0,0.3086717783119965,0.039430434636723515,observed,False
S22,758.0,1481.3097736255586,758.0,333.0,859.8072330680393,333.0,9.76886666666667,54.5600833333333,796.599181,4.0,311.85171920514165,192.690476190476,190.354166666667,294,234.444444444444,1009,241.465346534653,38.47,75.2,0.2814480401228621,-0.09962597859631196,observed,False
S23,1774.0,2105.8495396002386,1774.0,778.0,1306.7137568115506,778.0,9.78108333333333,54.57215,647.2280537600001,3.1,272.9253521568348,236.394736842105,314.0,68,297.875,584,275.221052631579,11.23,92.9,0.34675155024876203,0.14745969574960488,observed,False
S24,181.0,594.2245408834282,181.0,148.0,290.01003179912976,148.0,9.81235,54.577,1088.40321968,4.7,212.1573562280428,206.702127659574,211.512195121951,175,252.688888888889,844,255.570093457944,50.42,52.3,-0.026887001995397373,0.06396028565795478,observed,False
S25,1754.0,1947.319324852212,1754.0,1843.0,1190.5262226839454,1843.0,9.88715,54.6142833333333,710.0028732800001,3.0,438.4182903159911,244.555555555556,261.5,49,310.863636363636,237,285.627118644068,18.31,90.4,0.3337942433455899,0.1011488604512728,observed,False
S26,76.0,194.46518688023042,76.0,40.0,76.7769167876727,40.0,9.92366666666667,54.6247166666667,1320.8039696800001,2.3,324.3331159391945,229.875,254.8,23,274.789473684211,189,289.457831325301,225.1,27.4,-0.2867176322073675,0.11194112450625332,observed,False
S27,1396.0,1563.0223281137733,1396.0,703.0,916.5293775378025,703.0,9.9332,54.6359166666667,764.1998744,1.2,159.97246610854017,261.0625,193.0,5,193.0,36,303.909090909091,22.15,84.3,0.32510884650374766,0.025414109950783532,observed,False
S29,4660.0,2987.0385339232207,4660.0,3019.0,1980.6518785400765,3019.0,9.93985,54.6633,834.00837404,1.2,23.425956799416966,233.52380952381,229.4375,57,265.84,250,279.928571428571,21.81,76.6,0.27222108806694395,-0.03147887196575525,observed,False
S30,601.0,638.2366463280038,601.0,2759.0,315.74311335047116,2759.0,9.94451666666667,54.67195,1056.794173,12.1,173.42850337947678,261.9375,255.5,54,285.0,207,280.525252525253,44.73,54.9,0.05562607055186191,-0.010110396201088907,observed,False
S31,154.0,205.48472627402353,154.0,14.0,81.98071853280277,14.0,10.0186333333333,54.6757,1351.99465776,4.0,354.9366117710427,290.444444444444,306.25,7,326.666666666667,44,298.46875,152.0,22.0,-0.28048786886972726,-0.17731534650720868,observed,False
S12,1604.565412510302,1604.565412510302,,945.5856707559146,945.5856707559146,,9.6012,54.5187666666667,1354.83669632,2.4,93.40588297225003,79.5261324041812,79.5261324041812,2528,115.617283950617,8698,89.4572127139364,257.4,18.1,-0.4225722433070816,0.0848821389208107,predicted,
S18,5514.1366509424615,5514.1366509424615,,4107.490570290994,4107.490570290994,,9.69213333333333,54.5016333333333,734.04367217,3.2,863.4604193182158,183.5,183.5,1094,224.650406504065,2959,205.506887052342,19.270000000000003,85.4,0.3353004035218104,0.03898168657975905,predicted,
20170329_G1,3315.1039578575965,3315.1039578575965,,2242.095606886595,2242.095606886595,,9.67076666666667,54.5172333333333,917.2332697200001,3.44,842.3667963806841,157.242937853107,162.699029126214,707,206.240963855422,2971,182.577464788732,42.37,64.9,-0.19141658279498663,0.14567152287845223,predicted,
20170330_G1,3296.1043057063002,3296.1043057063002,,2226.815023018734,2226.815023018734,,9.662,54.51465,930.11626858,3.95,731.9861453344195,148.475949367089,177.595744680851,992,191.825581395349,3961,174.050675675676,40.35,64.5,-0.2335047010363727,0.16321620562488862,predicted,
20170330_G10,6315.4414549062785,6315.4414549062785,,4827.107322331338,4827.107322331338,,9.68315,54.5112,629.0468878600001,3.86,1106.5223298590947,163.936599423631,188.175,986,203.640449438202,3115,190.03515625,11.76,98.6,-0.3378236590250589,-0.14337258134965283,predicted,
20170330_G11,6024.1890619983515,6024.1890619983515,,4563.4149682771185,4563.4149682771185,,9.67671666666667,54.5127333333333,651.9601884799999,3.7,1004.4336835814613,159.536269430052,184.513513513514,696,198.517615176152,3053,179.016981132075,11.7,93.7,-0.33169315297701163,-0.09558163681871674,predicted,
20170330_G12,5804.310744796885,5804.310744796885,,4365.9337959975965,4365.9337959975965,,9.66936666666667,54.5116833333333,740.8459188400001,3.78,606.8186634788282,146.942786069652,161.881355932203,928,194.432065217391,3544,177.676923076923,13.01,85.8,-0.29984573466021364,-0.014909706914637172,predicted,
20170330_G13,864.394703211725,864.394703211725,,452.96711038052524,452.96711038052524,,9.68716666666667,54.5093,1513.777479288,3.49,991.0986729444403,164.497076023392,178.5,814,216.472972972973,2851,189.901826484018,284.8,4.0,0.6204726899570606,-0.10494367283408136,predicted,
20170330_G14,4673.348864541136,4673.348864541136,,3373.5740811497826,3373.5740811497826,,9.69856666666667,54.5095833333333,731.0800088000001,3.92,448.317498170383,162.603498542274,182.53982300885,1044,207.845117845118,3064,197.496314496314,18.2,85.9,-0.31760095706356006,-0.026947691421592566,predicted,
20170330_G15,1125.5258628932404,1125.5258628932404,,620.1108998810932,620.1108998810932,,9.6962,54.50815,1488.06224694,3.75,666.6748610237674,166.936111111111,165.013888888889,1174,202.296511627907,3357,186.221518987342,371.8,6.0,0.5790526856238097,-0.1517017973275756,predicted,
20170330_G16,6376.7869620844795,6376.7869620844795,,4882.94650832089,4882.94650832089,,9.69218333333333,54.5064833333333,599.015078,3.66,985.5045440176767,168.638483965015,176.721153846154,1183,195.445205479452,3037,191.9216152019,8.146,100.0,-0.3355289700885009,-0.19651198054336133,predicted,
20170330_G17,1034.924685820117,1034.924685820117,,561.1836928366598,561.1836928366598,,9.68896666666667,54.50665,1530.9478216799998,2.92,1117.4627199540025,174.108695652174,180.235294117647,975,203.415584415584,2481,194.06043956044,247.2,1.9,0.61867709589853,-0.013724586314745974,predicted,
20170330_G18,701.3457864559022,701.3457864559022,,353.22931459800077,353.22931459800077,,9.68696666666667,54.5073833333333,1540.0547821999999,2.46,1141.1558222761698,170.551839464883,183.383177570093,541,212.055970149254,2205,193.927835051546,378.8,1.3,0.6414096610513004,-0.26018635874339435,predicted,
20170330_G19,6286.49813339976,6286.49813339976,,4800.7975908810795,4800.7975908810795,,9.6776,54.5063333333333,639.3695652000001,3.7,635.5516106616981,164.326086956522,158.503875968992,1312,200.302631578947,3395,173.204899777283,10.21,94.8,-0.33110950156239594,-0.10803082171411742,predicted,
20170330_G2,1594.1747002830652,1594.1747002830652,,938.304599296936,938.304599296936,,9.6583,54.5137166666667,1107.4138202000001,3.71,567.8218382158868,130.336384439359,159.38255033557,919,184.752192982456,4098,171.26936026936,412.1,45.6,0.01878247755237427,-0.2043483150249348,predicted,
20170330_G20,6225.732833519682,6225.732833519682,,4745.636276395045,4745.636276395045,,9.68231666666667,54.5029333333333,613.33487358,3.49,793.6779491242936,176.784246575342,169.321428571429,1114,216.786231884058,3216,188.657216494845,9.579,98.5,-0.3349976507563333,-0.15423214150358058,predicted,
20170330_G21,6273.744760407572,6273.744760407572,,4789.211952592686,4789.211952592686,,9.6834,54.5002666666667,584.20887152,3.78,497.89844900607363,164.263665594855,175.840336134454,1296,218.791519434629,3108,190.134020618557,9.354,99.9,-0.3379639753779534,-0.18912559322743813,predicted,
20170330_G22,5761.659574555652,5761.659574555652,,4327.789654428476,4327.789654428476,,9.69138333333333,54.4994333333333,610.0073,3.29,641.9316175945196,179.991935483871,186.586206896552,1097,225.761658031088,2644,202.102310231023,12.58,99.3,-0.33629298880470954,-0.15311914982551358,predicted,
20170330_G23,5111.055647767015,5111.055647767015,,3752.775109795001,3752.775109795001,,9.68816666666667,54.5018666666667,680.8184051400001,3.48,750.1893175350386,183.440860215054,175.233009708738,848,215.848837209302,2916,204.575129533679,14.32,90.8,-0.32620625597550723,-0.06615083469626237,predicted,
20170330_G24,4735.197948321296,4735.197948321296,,3426.7619338385884,3426.7619338385884,,9.69478333333333,54.5028166666667,730.3003068600001,3.67,1007.0600920774899,168.439189189189,182.0,1127,214.364285714286,3030,199.315403422983,19.92,86.5,-0.3149470690763071,-0.032273976493365435,predicted,
20170330_G25,813.9611286334466,813.9611286334466,,421.69927789387594,421.69927789387594,,9.6987,54.52165,1408.78830444,3.0,214.27007591148197,160.955271565495,179.5,409,194.961904761905,2103,183.420233463035,184.7,14.6,0.4250596621030967,0.18589260546216235,predicted,
20170330_G26,890.5711495497013,890.5711495497013,,469.3343519464337,469.3343519464337,,9.69551666666667,54.5250333333333,1238.25409898,3.58,245.1560959025,164.138513513514,161.707865168539,414,191.732600732601,2062,174.488172043011,85.26,31.6,-0.043296376069495976,0.38659403982944257,predicted,
20170330_G27,590.1972320976325,590.1972320976325,,287.67296352435227,287.67296352435227,,9.68996666666667,54.5235166666667,1538.0448644800001,3.08,290.5301502949818,164.45671641791,183.514492753623,502,204.307901907357,2634,186.166986564299,402.8,1.4,0.6191998816696042,-0.2673155831166115,predicted,
20170330_G28,747.4758666745987,747.4758666745987,,381.0417259431465,381.0417259431465,,9.68525,54.5186333333333,1467.2151368,3.36,748.5523602455129,165.278996865204,185.94495412844,475,213.126245847176,2619,188.263157894737,444.0,8.6,0.49317052417000284,-0.26338364997535996,predicted,
20170330_G29,673.6016892310913,673.6016892310913,,336.66712102198096,336.66712102198096,,9.682,54.5228666666667,1451.80625918,2.99,340.3789840948997,165.778761061947,175.276785714286,516,198.221893491124,2459,186.09375,366.5,3.0,0.5263818806506506,0.0709182424354402,predicted,
20170330_G3,4327.056170505195,4327.056170505195,,3078.2826321506677,3078.2826321506677,,9.66065,54.51255,914.0267856,3.44,482.6672010326301,128.006833712984,155.0,784,184.917553191489,3534,167.283018867925,30.3,66.2,-0.11917102417626149,0.04099137737476515,predicted,
20170330_G30,2035.4958616604738,2035.4958616604738,,1254.9385157645615,1254.9385157645615,,9.6789,54.5194833333333,989.48523224,3.32,687.5418949297431,161.834782608696,177.769911504425,606,206.892307692308,2970,184.711827956989,51.69,58.2,-0.20614748357482687,0.20736254715444144,predicted,
20170330_G31,4635.020953848891,4635.020953848891,,3340.680416551089,3340.680416551089,,9.67101666666667,54.5204166666667,794.7797803600001,3.7,499.9809745807799,171.38338658147,160.935064935065,843,206.327464788732,3240,187.288782816229,20.65,79.7,-0.30630670206317273,0.006478424400364668,predicted,
20170330_G32,798.0263648506398,798.0263648506398,,411.89519725775614,411.89519725775614,,9.6678,54.5213833333333,1489.65428404,2.95,343.42544990543513,166.160493827161,171.898876404494,678,203.825242718447,2887,191.695852534562,355.0,6.1,0.583244305977169,-0.2162278007739512,predicted,
20170330_G4,5895.417873836509,5895.417873836509,,4447.591382345129,4447.591382345129,,9.66811666666667,54.5156833333333,685.3053885000002,3.84,936.8876796626188,152.65873015873,177.439252336449,730,200.149863760218,3252,182.814371257485,11.89,92.3,-0.3227963500246527,-0.08200496464541378,predicted,
20170330_G5,878.6404520347646,878.6404520347646,,461.86300303272594,461.86300303272594,,9.67531666666667,54.5153833333333,1512.7088759600001,3.44,1086.193773331194,155.492105263158,190.209090909091,572,192.779944289694,2740,182.513800424628,249.6,3.8,0.5826470485550873,-0.007418577235475584,predicted,
20170330_G6,795.8730338499001,795.8730338499001,,410.57316229600167,410.57316229600167,,9.67761666666667,54.5154666666667,1511.6332365,3.37,1100.449087681976,157.435967302452,178.836065573771,569,193.677966101695,2850,181.676348547718,257.7,4.1,0.5991899161826646,-0.03753697938806119,predicted,
20170330_G7,1470.4780277530126,1470.4780277530126,,852.3319858748895,852.3319858748895,,9.6832,54.5146666666667,1104.68536208,3.5,930.9018276609795,156.693641618497,188.865168539326,572,204.483974358974,2721,187.303493449782,71.61,46.0,0.11694787212856937,0.007789775418694182,predicted,
20170330_G8,727.0890291476841,727.0890291476841,,368.70882542531587,368.70882542531587,,9.68551666666667,54.5150666666667,1526.5165511,3.22,774.8976886419861,160.25748502994,199.620253164557,502,212.007272727273,2574,196.895631067961,346.9,2.4,0.6169603993240544,-0.2515219203936677,predicted,
20170330_G9,977.2906138022921,977.2906138022921,,524.1997959699534,524.1997959699534,,9.69,54.51405,1449.7251613399999,3.33,579.0161833878641,164.388235294118,181.461538461538,727,213.320261437909,2760,195.223476297968,235.6,10.9,0.5099124120616246,0.06063741466328548,predicted,
20170403_G33,703.0631394475291,703.0631394475291,,354.25865477351806,354.25865477351806,,9.70581666666667,54.5176333333333,1393.32958772,7.44,78.45636932316219,167.38783269962,189.858585858586,315,213.724637681159,1662,201.298245614035,346.8,14.7,0.464021358846908,-0.10113322973437855,predicted,
20170403_G34,901.4654111913263,901.4654111913263,,476.17327492778276,476.17327492778276,,9.70818333333333,54.5176833333333,1408.4441133998432,5.4,67.27911016288611,165.847908745247,187.19387755102,310,209.131868131868,1720,199.545454545455,272.6015741866692,12.467933024848406,0.43946680484736944,0.04412,predicted,
20170403_G35,1064.9334476138997,1064.9334476138997,,580.5971349022824,580.5971349022824,,9.71746666666667,54.5256333333333,1300.20072512,7.29,55.54854499567709,167.55504587156,200.10989010989,256,214.614107883817,1203,204.777493606138,128.9,23.2,0.2833400589488673,0.23962839552501852,predicted,
20170403_G36,843.1975490042794,843.1975490042794,,439.7818883220995,439.7818883220995,,9.71816666666667,54.5284,1430.6299241799998,7.36,63.23684918422824,177.746606334842,183.022727272727,251,216.300429184549,1320,193.414043583535,356.1,10.9,0.4730968374992948,-0.0056559513557161425,predicted,
20170403_G37,680.7360001961856,680.7360001961856,,340.9138895662553,340.9138895662553,,9.73548333333333,54.5303,1214.9461556,5.73,158.29902191562746,176.837837837838,188.8,415,224.982378854626,1848,203.839901477833,91.06,33.8,-0.011838215819672916,0.393794710322796,predicted,
20170403_G38,1386.5650216454292,1386.5650216454292,,794.7803372248984,794.7803372248984,,9.73716666666667,54.53275,1223.94328306,5.12,136.7297101330549,181.073394495413,202.979591836735,396,218.599137931034,1793,194.578406169666,111.2,32.6,0.177815222891689,0.18184391416429277,predicted,
20170403_G39,875.2906494870407,875.2906494870407,,459.7687081393189,459.7687081393189,,9.73878333333333,54.5360333333333,1409.5151939000002,8.48,36.818800992509814,176.844559585492,216.011764705882,345,229.961722488038,1650,201.315789473684,227.6,12.6,0.48368655126348237,0.06672786153584022,predicted,
20170403_G40,1333.417022481441,1333.417022481441,,758.6669361710756,758.6669361710756,,9.74108333333333,54.5392333333333,974.0019257600001,4.26,157.46152573899533,185.263440860215,226.608695652174,337,234.742574257426,1578,203.906849315068,44.65,59.2,-0.17639722662149404,0.21492070854231748,predicted,
20170403_G41,5874.264695632105,5874.264695632105,,4428.610699629989,4428.610699629989,,9.74033333333333,54.5395,636.6135732800001,6.19,131.79044062295586,185.548913043478,222.985714285714,330,232.91959798995,1499,207.197674418605,8.007,98.1,-0.3304752042385804,-0.15627201825999237,predicted,
20170403_G42,5136.950493718822,5136.950493718822,,3775.407879387302,3775.407879387302,,9.74505,54.5467166666667,665.4538947200001,6.96,107.21980850926013,193.940476190476,220.294117647059,283,232.0,1181,213.304207119741,9.535,90.7,-0.28838549281398695,-0.08485624421661679,predicted,
20170403_G43,4045.9833872154354,4045.9833872154354,,2841.8678891253944,2841.8678891253944,,9.74971666666667,54.5489,694.27923794,5.78,177.9743386373396,194.15,212.772727272727,295,236.74251497006,1252,218.165562913907,10.48,89.8,-0.29472168890604455,-0.06533766753117567,predicted,
20170403_G44,4024.1169832345054,4024.1169832345054,,2823.603380382473,2823.603380382473,,9.75246666666667,54.5523333333333,691.1766055,3.32,140.88764325242425,185.628571428571,213.119047619048,197,234.968,923,221.427906976744,13.58,88.6,-0.27640406426827974,-0.051959995116876004,predicted,
20170403_G45,3137.2419832438172,3137.2419832438172,,2099.7106373388615,2099.7106373388615,,9.76078333333333,54.5563833333333,633.30014624,3.66,317.2352525715786,200.691780821918,221.440677966102,337,243.68115942029,1067,227.013513513514,15.6,97.8,-0.31059095623037203,-0.12654586793671765,predicted,
20170403_G46,3393.560214095307,3393.560214095307,,2305.369807744024,2305.369807744024,,9.76486666666667,54.5585166666667,579.0062718400001,3.77,277.91913151464223,195.776978417266,210.586956521739,313,236.213740458015,1104,229.674418604651,7.815,99.4,-0.32821196605396974,-0.16399025509172394,predicted,
20170403_G47,333.19083500380185,333.19083500380185,,145.70243288911053,145.70243288911053,,9.76603333333333,54.5616333333333,1385.22649536,3.25,197.59811210731286,191.26,243.068965517241,132,235.478723404255,739,239.477707006369,259.0,17.2,0.47346100966971877,-0.07959321050660802,predicted,
20170403_G48,2371.848301270386,2371.848301270386,,1505.3761136659878,1505.3761136659878,,9.77051666666667,54.5627833333333,722.8717424000001,3.74,237.92560005319862,197.87,246.129032258065,151,252.510204081633,856,247.793939393939,11.42,87.1,-0.22437394224640222,-0.12773184318380928,predicted,
20170403_G49,2620.7091480111076,2620.7091480111076,,1695.1234582087704,1695.1234582087704,,9.77108333333333,54.5631333333333,653.20409528,3.79,241.89444537270708,195.583333333333,244.62962962963,149,255.033333333333,834,251.472049689441,9.164,93.7,-0.2955930620981674,-0.12672584914637525,predicted,
20170403_G50,2733.764862370128,2733.764862370128,,1782.481541153562,1782.481541153562,,9.77823333333333,54.5642833333333,656.2649373,3.61,597.1224265291715,201.629213483146,229.724137931034,226,270.034482758621,818,251.308176100629,11.2,90.9,-0.26363667231566895,-0.12948950627683606,predicted,
20170403_G51,2594.8574596741482,2594.8574596741482,,1675.247066367966,1675.247066367966,,9.77806666666667,54.5647833333333,693.3846608800001,3.44,568.374530280479,203.448275862069,253.28,210,266.045977011494,804,256.326666666667,16.32,88.9,-0.26822547620124526,-0.05839686934135117,predicted,
20170403_G52,2655.906140986546,2655.906140986546,,1722.2449275878328,1722.2449275878328,,9.77831666666667,54.5647833333333,672.31856984,3.66,583.8324865899632,200.720930232558,245.346153846154,217,270.976744186047,799,257.322368421053,11.41,90.9,-0.28901229110646254,-0.09081126365578254,predicted,
20170403_G53,2605.486116245168,2605.486116245168,,1683.4145128335772,1683.4145128335772,,9.7818,54.5596666666667,711.3048568,3.22,283.8706447421594,199.814814814815,212.128205128205,141,242.884615384615,809,228.657894736842,13.65,87.3,-0.31258244072336483,-0.034875873666197536,predicted,
20170403_G54,2750.945673613426,2750.945673613426,,1795.8179843515156,1795.8179843515156,,9.78611666666667,54.5625333333333,650.0613511000001,3.36,298.8395615356558,209.628865979381,202.931034482759,139,254.107692307692,688,238.203592814371,9.511,92.5,-0.31206454157514635,-0.09460288195932652,predicted,
20170403_G55,312.5065861622211,312.5065861622211,,135.0050650280691,135.0050650280691,,9.78458333333333,54.5625666666667,1520.5452117999998,3.23,372.869026542487,205.203883495146,216.354838709677,145,255.313432835821,703,237.458598726115,279.6,3.4,0.6223824031454098,-0.07921207365200751,predicted,
20170403_G56,2509.7444019308405,2509.7444019308405,,1610.0738206580954,1610.0738206580954,,9.78473333333333,54.5675166666667,706.77280108,3.79,673.7186027527385,221.904109589041,267.846153846154,135,277.175,725,252.902097902098,15.17,87.2,-0.2833329388259653,-0.03629438173799786,predicted,
20170403_G57,2659.4827360151785,2659.4827360151785,,1725.0047516860952,1725.0047516860952,,9.79116666666667,54.5687666666667,661.0646238400001,3.81,511.80714093404004,219.0,226.896551724138,149,284.22972972973,739,259.118421052632,12.14,93.0,-0.3254307268649217,-0.0889198601879645,predicted,
20170403_G58,2349.438434529284,2349.438434529284,,1488.4685601550937,1488.4685601550937,,9.77946666666667,54.5716666666667,590.15286488,3.4,357.5281947844776,240.076923076923,311.2,97,291.023255813954,633,275.607142857143,7.605,100.0,-0.33376875281746266,-0.22010379409848688,predicted,
20170403_G59,2067.027948487358,2067.027948487358,,1278.1025524850156,1278.1025524850156,,9.80093333333333,54.57265,827.3277035200001,3.61,417.39846897383035,216.686046511628,225.727272727273,141,274.5,590,256.9625,15.48,78.5,-0.2256545385720112,0.03338799915545774,predicted,
20170403_G60,365.9698038418382,365.9698038418382,,162.91226382887177,162.91226382887177,,9.82668333333333,54.5871166666667,1271.15202064,5.69,305.0373962758294,216.225,249.428571428571,126,286.605263157895,531,256.56204379562,138.7,28.1,0.24179101744046297,0.24464663963019623,predicted,
20170403_G61,2023.1444672960251,2023.1444672960251,,1245.883450087788,1245.883450087788,,9.82746666666667,54.5876333333333,739.46272954,5.59,356.9332366150948,217.830985915493,239.083333333333,121,279.986486486487,535,255.015037593985,10.18,85.0,-0.24097286776790555,-0.04824384856687774,predicted,
20170403_G62,523.6310159181772,523.6310159181772,,249.49565871314553,249.49565871314553,,9.83521666666667,54.59025,1150.041866012957,4.99,381.2292814004486,218.302631578947,217.51724137931,136,273.109589041096,592,258.2875,165.87474156995071,41.63297223330059,0.14509833897210142,0.030854999999999997,predicted,
20170403_G63,2477.184524638865,2477.184524638865,,1585.2518584471054,1585.2518584471054,,9.84145,54.5934166666667,641.71832988,7.51,199.29622238861302,207.397260273973,230.407407407407,116,267.68115942029,513,257.717791411043,8.869,94.2,-0.31874934417363016,-0.11407374133602306,predicted,
20170403_G64,1982.3959756148627,1982.3959756148627,,1216.0845280183073,1216.0845280183073,,9.84833333333333,54.5978666666667,727.5656435000001,3.39,330.1868145327501,206.289473684211,161.75,51,272.205128205128,297,270.957746478873,12.72,86.1,-0.29717106074282784,-0.019575512004570216,predicted,
20170403_G65,1849.2847738079622,1849.2847738079622,,1119.5609199867783,1119.5609199867783,,9.85538333333333,54.59725,742.7735560000001,3.98,359.0746444831249,212.814285714286,233.0,116,276.875,444,276.4609375,11.23,84.6,-0.2701089199017359,-0.02060511631317471,predicted,
20170403_G66,2225.4964154392924,2225.4964154392924,,1395.5170306917175,1395.5170306917175,,9.8615,54.5985333333333,743.9175392000001,4.18,267.1183803618393,221.467741935484,225.466666666667,121,270.216666666667,398,265.958333333333,12.76,91.1,-0.3140553682307975,-0.06886072783826733,predicted,
20170403_G67,2397.735907914259,2397.735907914259,,1524.945277252941,1524.945277252941,,9.86673333333333,54.60085,644.8029234400001,3.99,430.63172297698605,234.68,275.933333333333,109,292.632653061225,378,276.971962616822,8.502,97.1,-0.32772763884883177,-0.14585442693012093,predicted,
20170403_G68,2395.7035917891235,2395.7035917891235,,1523.4075362422627,1523.4075362422627,,9.87276666666667,54.6026333333333,671.2322387200002,4.27,496.76761945137315,235.565217391304,238.166666666667,100,286.104166666667,350,274.758241758242,9.147,94.0,-0.299824054637098,-0.12411914190615898,predicted,
20170403_G69,413.670399679583,413.670399679583,,188.47861254265635,188.47861254265635,,9.87238333333333,54.6047166666667,1189.9509180623563,3.88,374.25230846708087,245.5,237.0,65,300.305555555556,340,296.454545454545,182.35821553753945,37.12856455278147,0.19056220991409287,0.03393499999999999,predicted,
20170403_G70,458.47759318785984,458.47759318785984,,213.01143117066218,213.01143117066218,,9.88261666666667,54.6051666666667,1204.6250116733843,4.24,227.32949344960207,223.8,240.0,97,275.444444444444,325,257.818181818182,188.41899692958904,35.47234631225912,0.20727874573400376,0.034945,predicted,
20170403_G71,2318.9494774017408,2318.9494774017408,,1465.5147351133128,1465.5147351133128,,9.88273333333333,54.60795,681.6291613000001,4.08,392.7707866577879,228.219512195122,252.6,68,288.837209302326,303,271.14606741573,11.51,93.3,-0.3239286882360435,-0.09543345937917046,predicted,
20170403_G72,2281.9351599385986,2281.9351599385986,,1437.7251924291234,1437.7251924291234,,9.89356666666667,54.6111666666667,644.9191536000001,4.08,286.2200283050004,223.976744186047,229.555555555556,76,294.857142857143,225,280.953488372093,7.363,96.9,-0.32510260571244654,-0.1371518786458819,predicted,
20170403_G73,2287.459850069529,2287.459850069529,,1441.8676128845893,1441.8676128845893,,9.89606666666667,54.6156666666667,678.2012210400001,3.4,527.2841887058245,259.866666666667,265.375,76,296.771428571429,216,286.592105263158,12.68,95.1,-0.3269485154815262,-0.11055698774791624,predicted,
20170403_G74,472.9803642061842,472.9803642061842,,221.0522553420108,221.0522553420108,,9.90761666666667,54.62045,1087.35965524,3.25,550.9320500667799,243.387096774194,230.0,32,296.107142857143,241,295.910112359551,63.37,49.4,-0.12199647468626912,0.2913690047338778,predicted,
20170405_R10_2cm,855.2715040699279,855.2715040699279,,447.2846131818874,447.2846131818874,,9.69443333333333,54.52215,1487.624686427648,4.29,431.00305820124464,156.743202416918,180.30534351145,565,201.0888252149,2817,189.167619047619,185.8,6.9,0.45706719817971025,0.2781344653144896,predicted,
20170405_R12_6cm,849.1147923024051,849.1147923024051,,443.45631834662794,443.45631834662794,,9.707,54.5177,1404.8907980829495,7.44,59.46058777330558,164.238636363636,183.19801980198,322,210.69741697417,1716,202.466814159292,349.9,15.3,0.4214959173710671,-0.012624288122091203,predicted,
20170405_R13_2cm,1278.0425218282126,1278.0425218282126,,721.3303714895762,721.3303714895762,,9.72465,54.5296666666667,1263.7264334891502,4.73,54.910189884902614,175.625,189.341463414634,280,218.90756302521,1394,196.173267326733,113.5,31.0,0.20881589948206283,0.20084404113052412,predicted,
20170405_R14_0cm,3848.168171420529,3848.168171420529,,2677.3298308608337,2677.3298308608337,,9.7638,54.55625,620.3145752449116,3.99,135.98723827979137,200.231292517007,212.984848484849,256,241.204379562044,899,222.208,9.396,90.3,-0.3163982476465572,-0.07065057889723013,predicted,
20170405_R15_3cm,2822.2274665305767,2822.2274665305767,,1851.3178769677506,1851.3178769677506,,9.77103333333333,54.56215,507.058377127206,3.81,309.5476168923579,197.064814814815,226.257142857143,215,245.609523809524,963,249.176795580111,8.763,98.8,-0.33697362613811016,-0.15541576833371235,predicted,
20170405_R16_0cm,2213.7726033475496,2213.7726033475496,,1386.7745722806415,1386.7745722806415,,9.77196666666667,54.5646,650.7028909640864,3.31,212.27565239450195,206.2875,239.684210526316,93,260.541666666667,632,260.648,11.72,87.9,-0.30328857649380814,-0.03839846813333825,predicted,
20170405_R8_3.5cmAV,6631.9286569049,6631.9286569049,,5116.272937458467,5116.272937458467,,9.67203333333333,54.51265,513.4184487340287,3.74,794.1863411856037,154.658914728682,176.083333333333,821,194.402010050251,3216,177.456721915285,8.711,98.4,-0.33416606407029503,-0.15589105574173914,predicted,
20170405_R9_5cm,5235.910834806051,5235.910834806051,,3862.1006348998267,3862.1006348998267,,9.69021666666667,54.5034333333333,606.2299294192953,3.58,964.700383710108,178.219512195122,182.038461538462,1118,212.845878136201,3167,203.706310679612,12.68,91.6,-0.328664958666127,-0.07549547200493115,predicted,
20170406_R1L_4.5cm,6005.099330993511,6005.099330993511,,4546.214732169062,4546.214732169062,,9.55648333333333,54.5079666666667,656.399563809747,2.74,331.8813202839646,139.490476190476,157.49494949495,2120,177.095041322314,1842,138.517391304348,9.211,87.8,-0.23552825808781203,-0.07645523814901929,predicted,
20170406_R2_1cm,8206.63814906148,8206.63814906148,,6592.353268746572,6592.353268746572,,9.5742,54.50545,496.10864035563594,3.72,367.8862444592512,125.949090909091,132.771241830065,2293,173.347962382445,2850,140.40251572327,7.599,99.6,-0.33465860822543037,-0.1724196045046449,predicted,
20170406_R3_13.5cm,3416.0221257168923,3416.0221257168923,,2323.5365873330497,2323.5365873330497,,9.5863,54.5065166666667,941.5450426985116,4.04,283.38328073139235,116.633867276888,118.367924528302,2923,152.823376623377,3617,135.820779220779,44.95,63.2,-0.25289172892363765,0.09951745389011762,predicted,
20170406_R4_3cm,2739.079524278687,2739.079524278687,,1786.6053029012282,1786.6053029012282,,9.60495,54.50995,1087.1300126738142,3.01,316.9847323195298,99.0898203592814,99.4398976982097,4071,139.830747531735,10748,117.710067114094,64.07,49.1,0.08734248951056604,-0.05530742843298655,predicted,
20170406_R5_2.5cmAV,9719.101169901509,9719.101169901509,,8062.025241946792,8062.025241946792,,9.61163333333333,54.5175,754.655849470415,2.97,568.1466905602852,79.609977324263,68.8219178082192,4817,103.632508833922,12692,99.1120186697783,18.23,79.8,-0.29306941601697195,0.036289303125618594,predicted,
20170406_R6_3cm,12432.440200867515,12432.440200867515,,10806.120251021142,10806.120251021142,,9.61325,54.5194666666667,614.9259345005582,3.28,542.0123279813489,77.950056753689,63.687595712098,5526,106.059665871122,13422,93.6828978622328,17.12,91.1,-0.324862270465778,-0.06831715351967353,predicted,
20170407_R18_5cm,2671.6973771393195,2671.6973771393195,,1734.435297164362,1734.435297164362,,9.78861666666667,54.5670666666667,631.1520683031017,3.67,571.7405818780769,223.5,235.821428571429,152,276.6,739,247.292517006803,11.48,89.7,-0.29576916140345266,-0.041812842053292665,predicted,
20170407_R19_0cm,440.08746560200046,440.08746560200046,,202.88470964493368,202.88470964493368,,9.833,54.5897,1169.8885769599312,4.88,367.7045613263002,219.402985074627,228.4,135,280.530303030303,534,265.619402985075,90.24,40.5,-0.013564684064329289,0.33233609659448576,predicted,
20170407_R20_0cm,2064.7700188884755,2064.7700188884755,,1276.4415943804067,1276.4415943804067,,9.88095,54.6058666666667,622.9509827302497,4.13,359.3290821571719,222.6,241.526315789474,74,288.040816326531,324,268.60396039604,11.8,90.0,-0.31704501227364273,-0.056992854884322354,predicted,
20170407_R21_6cm,2700.4004138733762,2700.4004138733762,,1756.628190758627,1756.628190758627,,9.89643333333333,54.6120333333333,512.8082437568439,3.66,201.6002510989255,223.627906976744,180.684210526316,82,257.777777777778,299,257.728070175439,10.77,98.4,-0.336442837788383,-0.14416027536939416,predicted,
20170407_R22_2cm,1910.0674999383007,1910.0674999383007,,1163.4785407490526,1163.4785407490526,,9.90211666666667,54.6163666666667,680.7337712502633,3.6,298.61881529128874,233.871794871795,261.315789473684,61,301.029411764706,294,276.150537634409,21.64,85.7,-0.30921328749128574,-0.015240105864779013,predicted,
20170407_R23_0.5cm,515.9045535065012,515.9045535065012,,245.1216335372289,245.1216335372289,,9.93651666666667,54.6528333333333,1283.539264779301,14.51,112.44833801145974,248.842105263158,226.857142857143,34,277.44,232,286.688679245283,147.1,28.8,0.27545837929824724,0.15378255860747303,predicted,
20170407_R24_0cm,492.48246950419394,492.48246950419394,,231.93866948749798,231.93866948749798,,9.93931666666667,54.6645,1251.3491341300676,13.56,96.92410280236619,250.421052631579,222.266666666667,59,264.6,312,285.393442622951,209.6,32.3,0.25773682911644713,-0.05178555666224302,predicted,
20170407_R25_0cm,310.6884384426835,310.6884384426835,,134.07105016015512,134.07105016015512,,9.99421666666667,54.6771166666667,1485.8663615855717,5.41,541.1539560635275,247.692307692308,217.0,9,257.363636363636,136,289.333333333333,213.4,7.1,0.5269064172238314,0.1587094378038081,predicted,
20170425_G1,7203.607267301314,7203.607267301314,,5645.20398104145,5645.20398104145,,9.55056666666667,54.5102166666667,605.9108744800001,2.34,215.10866354025583,141.820143884892,199.911111111111,1623,193.830985915493,2126,141.407407407407,7.779,96.1,-0.3199519446871564,-0.12974835865712592,predicted,
20170425_G10,5560.846164373237,5560.846164373237,,4148.921678118494,4148.921678118494,,9.578,54.5076,735.73208408,3.51,334.75393452552885,128.5,128.573643410853,2401,172.616788321168,3034,139.561797752809,16.12,80.0,-0.29708540925729693,0.02940665651947607,predicted,
20170425_G11,1156.010907031951,1156.010907031951,,640.1455380292225,640.1455380292225,,9.57136666666667,54.5087833333333,1341.0485139755167,1.96,279.1066600830065,129.737254901961,151.739583333333,1148,190.017391304348,1610,154.973684210526,244.76544299352952,20.074659822176464,0.362690618069166,0.041894999999999995,predicted,
20170425_G12,840.7878588662114,840.7878588662114,,438.28694310129237,438.28694310129237,,9.58053333333333,54.5080166666667,1514.1007668400002,2.72,262.96273078164455,124.360128617363,130.918032786885,1839,173.53488372093,2621,147.621621621622,392.4,2.5,0.6185578289285382,-0.2683684645125988,predicted,
20170425_G13,1108.181054431822,1108.181054431822,,608.7576787822844,608.7576787822844,,9.58793333333333,54.5063,1498.9134615,3.78,233.1674592247121,114.024017467249,117.191056910569,3017,156.004672897196,3896,137.638497652582,301.5,4.7,0.609774542897292,-0.10187622721514102,predicted,
20170425_G14,9768.058506364167,9768.058506364167,,8110.3664025500175,8110.3664025500175,,9.60158333333333,54.5110333333333,639.980352,3.4,453.5066911397352,97.5321100917431,91.7862903225806,4853,130.786545924968,10942,109.6425,9.245,94.3,-0.31452626415461943,-0.1109204935558777,predicted,
20170425_G15,2042.4599214913344,2042.4599214913344,,1260.0486173984873,1260.0486173984873,,9.60708333333333,54.5147,1472.37265992,3.26,632.6331973216282,83.8576309794989,69.391167192429,4695,103.128919860627,12129,99.7242178447277,345.0,5.9,0.5902471170352327,-0.19090490053438228,predicted,
20170425_G16,4067.928530477626,4067.928530477626,,2860.2170131237344,2860.2170131237344,,9.60311666666667,54.5166,1115.9759590200001,3.29,350.9740737617621,75.4212910532276,83.7674418604651,7434,134.284518828452,13801,106.568149210904,105.2,40.9,0.18265108669555194,-0.0085625789840006,predicted,
20170425_G17,5801.07137159578,5801.07137159578,,4363.034861286043,4363.034861286043,,9.61458333333333,54.5139333333333,888.85837044,3.38,500.21781854739044,91.0663562281723,94.8272980501393,2623,136.715083798883,9548,112.300132802125,31.9,67.1,-0.1630622576930414,0.09395264406064582,predicted,
20170425_G18,7805.360293223369,7805.360293223369,,6210.63138927909,6210.63138927909,,9.6127,54.51725,836.35147508,3.01,639.927239096396,83.0702947845805,68.9165446559297,4135,102.755244755245,12404,94.8745644599303,22.72,72.2,-0.2730042331098498,0.09567571694539982,predicted,
20170425_G19,12480.235225086368,12480.235225086368,,10855.565927051028,10855.565927051028,,9.61431666666667,54.5200666666667,731.8662148000001,3.37,586.7175675130292,78.7858769931663,58.9450222882615,5454,108.482880755608,13693,87.9736526946108,17.67,84.2,-0.31239980068232254,-0.009842041157266761,predicted,
20170425_G2,5959.277630876739,5959.277630876739,,4504.970838177868,4504.970838177868,,9.5535,54.5069333333333,702.83586474,2.42,289.91119294918565,135.615,188.702127659574,1126,189.574193548387,1755,136.774011299435,12.45,85.5,-0.3173818058714204,-0.03171254767049512,predicted,
20170425_G20,1691.1632643163819,1691.1632643163819,,1006.6112212476951,1006.6112212476951,,9.61106666666667,54.5232833333333,1519.6175490800001,2.61,342.87915180843055,67.5714285714286,66.8248175182482,4624,95.3546666666667,12648,83.6757457846952,373.1,3.3,0.6125634789215686,-0.20908215967357388,predicted,
20170425_G21,10604.240950460395,10604.240950460395,,8942.979377545862,8942.979377545862,,9.61395,54.52535,736.35857768,2.86,247.6157489572435,67.9048152295633,64.2937743190662,4990,107.998745294856,11727,88.0852904820766,19.49,85.0,-0.30824943877060057,-0.007039099441290284,predicted,
20170425_G22,3232.787012013412,3232.787012013412,,2176.0127773356585,2176.0127773356585,,9.6231,54.5271333333333,1358.8700711400002,2.52,256.62000874206444,51.8187919463087,47.4579310344828,5207,79.4245939675174,12061,71.3935926773455,103.3,20.0,0.18641111067342062,0.36817596213718634,predicted,
20170425_G23,5401.286368295911,5401.286368295911,,4007.6684823550827,4007.6684823550827,,9.61951666666667,54.5254833333333,974.2873938,2.89,316.6706422336226,66.2071668533035,52.4434654919236,6045,84.9492924528302,13277,79.3103850641774,52.47,60.7,-0.1973591846624819,0.1998313982379235,predicted,
20170425_G24,11477.325323986655,11477.325323986655,,9825.735554393455,9825.735554393455,,9.61621666666667,54.5227666666667,773.80396512,3.22,549.3991070416755,71.7235494880546,64.69176882662,5771,105.878973105134,13812,87.3997524752475,22.02,80.7,-0.2665087816393114,0.02772984511597176,predicted,
20170425_G25,1379.2992042607532,1379.2992042607532,,789.8275578098536,789.8275578098536,,9.62305,54.5196833333333,1520.91977064,2.76,265.5440058586151,72.0600907029479,70.2901234567901,2925,108.501940491591,10945,99.817617866005,336.0,3.1,0.6241128212380228,-0.11120038053757367,predicted,
20170425_G26,7104.0150756908815,7104.0150756908815,,5552.466233482396,5552.466233482396,,9.62008333333333,54.5159666666667,823.4581281200001,3.18,555.4232914942884,87.7256944444444,89.7795100222717,2770,116.052015604681,10463,104.535141800247,21.98,77.1,-0.29263559795386596,0.04805933130291508,predicted,
20170425_G27,1058.4092075119286,1058.4092075119286,,576.3674956281384,576.3674956281384,,9.62606666666667,54.5156,1527.55235488,2.76,326.5533123145422,88.6448484848485,92.2131868131868,2018,123.510666666667,8637,114.565162907268,417.8,2.5,0.6042373877041501,-0.25001310300281077,predicted,
20170425_G28,4573.903160392279,4573.903160392279,,3288.3349455299895,3288.3349455299895,,9.64328333333333,54.5154833333333,896.05364308,2.89,471.45209151526626,100.21200750469,147.412087912088,942,163.281879194631,3597,152.478108581436,32.48,67.9,-0.22985378034914938,0.15243510270258906,predicted,
20170425_G29,3411.7594907021144,3411.7594907021144,,2320.0872989657983,2320.0872989657983,,9.64291666666667,54.5184833333333,932.63746808,2.95,342.40820624354626,127.4317617866,140.890909090909,1145,168.717868338558,3102,163.777056277056,32.57,63.9,-0.17263465510994236,0.15945550015442247,predicted,
20170425_G3,5946.190758936946,5946.190758936946,,4493.202433062807,4493.202433062807,,9.55585,54.5087666666667,676.48779162,2.44,253.0633789473141,140.057142857143,162.136363636364,2253,191.802631578947,1939,144.597014925373,10.23,87.0,-0.30373158054105587,-0.05513943559453319,predicted,
20170425_G30,594.7007714763328,594.7007714763328,,290.28659011057636,290.28659011057636,,9.64691666666667,54.5191,1514.68386868,2.54,211.601068967551,138.037735849057,152.0,712,185.447852760736,2186,175.132034632035,372.3,3.9,0.6064172350119896,-0.21377973235574171,predicted,
20170425_G31,1081.9384684606273,1081.9384684606273,,591.6444912374575,591.6444912374575,,9.6473,54.5142666666667,1531.8763859,2.42,451.297294532371,112.093511450382,137.075581395349,1036,157.5,4081,144.43676222597,356.3,2.4,0.6274597244572014,-0.23457361376208652,predicted,
20170425_G32,6281.527637489252,6281.527637489252,,4796.281676542147,4796.281676542147,,9.67701666666667,54.4987166666667,583.4183263200001,2.93,314.4149969356002,141.422077922078,156.663793103448,1094,179.472668810289,3324,169.288793103448,8.544,99.5,-0.3323415139696187,-0.18347541584633092,predicted,
20170425_G33,4987.655742865496,4987.655742865496,,3645.2207721436994,3645.2207721436994,,9.69291666666667,54.49465,650.85523808,3.03,257.75230838970106,155.932384341637,173.911504424779,650,199.095081967213,2736,184.429213483146,13.25,93.6,-0.3064532769719549,-0.09665854767797759,predicted,
20170425_G34,4943.47499488499,4943.47499488499,,3606.8351764388653,3606.8351764388653,,9.69808333333333,54.4961166666667,680.5768728800001,2.99,529.6876559253573,161.167883211679,199.733333333333,707,219.912790697674,2308,208.217391304348,15.82,90.9,-0.3155738523192202,-0.058994891029928116,predicted,
20170425_G35,4201.364773061118,4201.364773061118,,2972.1895441633073,2972.1895441633073,,9.705,54.4960666666667,796.8004689,3.21,462.46044695791505,161.833898305085,178.952380952381,1033,196.657627118644,2742,199.774580335731,22.73,79.9,-0.3034381647103671,0.019403899260807423,predicted,
20170425_G36,4919.187464532352,4919.187464532352,,3585.761103923868,3585.761103923868,,9.69786666666667,54.4976666666667,705.9557520000001,3.04,699.622587373508,168.724696356275,188.376811594203,737,206.01775147929,2377,205.95652173913,17.44,88.3,-0.3183068004549618,-0.03895136647990042,predicted,
20170425_G37,5294.524750453901,5294.524750453901,,3913.59572145501,3913.59572145501,,9.69706666666667,54.4979833333333,658.3215305000001,3.07,711.3988687401385,171.434426229508,186.403225806452,751,204.051282051282,2363,208.03937007874,15.22,94.7,-0.32273713294677686,-0.09411645379721667,predicted,
20170425_G38,3610.6246035762592,3610.6246035762592,,2481.864580699895,2481.864580699895,,9.73108333333333,54.5269,633.78885388,2.28,237.07076345160166,182.487562189055,186.378378378378,158,219.308411214953,1010,213.198198198198,10.78,94.6,-0.33120506347825684,-0.10836744094995275,predicted,
20170425_G39,4156.55865183714,4156.55865183714,,2934.5142725964597,2934.5142725964597,,9.73946666666667,54.5313166666667,660.1475540000001,3.35,212.29003640710548,179.384259259259,201.192307692308,346,222.205882352941,1621,204.759103641457,11.13,91.6,-0.32034742134362454,-0.08013604425381061,predicted,
20170425_G4,978.0404078274338,978.0404078274338,,524.6783386446281,524.6783386446281,,9.55893333333333,54.5073666666667,1546.99636,3.26,390.90275346451557,137.044843049327,146.127118644068,2284,172.702290076336,1787,132.892561983471,388.0,0.0,0.6576894279300411,-0.1987792832396551,predicted,
20170425_G40,5407.879203528907,5407.879203528907,,4013.4893946998473,4013.4893946998473,,9.74045,54.5394166666667,708.2498599600001,4.99,131.66986490258526,185.491891891892,222.585714285714,332,233.381909547739,1519,204.435897435897,10.48,90.8,-0.3030339575673032,-0.07132214323687246,predicted,
20170425_G41,2120.0074702628963,2120.0074702628963,,1317.1730749380665,1317.1730749380665,,9.76971666666667,54.57165,609.63182744,2.55,320.78735572968725,243.619047619048,305.0,38,267.375,353,279.014285714286,8.494,98.7,-0.33440926154362993,-0.15881277856267872,predicted,
20170425_G42,293.3454313004006,293.3454313004006,,125.21447635919205,125.21447635919205,,9.78811666666667,54.562,1483.9662898000001,3.34,162.36702026857603,212.052631578947,190.227272727273,127,232.929411764706,695,227.839449541284,276.8,6.6,0.5893147382772481,-0.08769956809357703,predicted,
20170425_G43,445.92645218985723,445.92645218985723,,206.09146846030328,206.09146846030328,,9.80423333333333,54.5726333333333,1285.2806585984858,2.57,236.20904325872002,204.474226804124,203.771428571429,130,249.707317073171,592,245.326424870466,186.7,28.8,0.3002603863348281,0.001499693295216735,predicted,
20170425_G44,1091.1517665598485,1091.1517665598485,,597.6437468948104,597.6437468948104,,9.8047,54.57275,976.3910829989939,2.95,224.0823002628317,203.020618556701,208.162162162162,138,256.032967032967,639,239.755102040816,39.91,59.9,-0.11142292256499288,0.17968007957635415,predicted,
20170425_G45,566.7319633503334,566.7319633503334,,274.1166480185738,274.1166480185738,,9.80545,54.5728666666667,1136.9408048,3.64,200.64379077058598,203.893617021277,209.073170731707,144,249.191489361702,666,231.597087378641,83.56,43.4,-0.005489614143126515,0.29345816114924184,predicted,
20170425_G46,2834.4313666012317,2834.4313666012317,,1860.846706643998,1860.846706643998,,9.8148,54.58115,659.07710066,6.23,188.0054596673526,218.325581395349,234.733333333333,138,255.301204819277,586,255.481707317073,9.248,96.9,-0.3312412602496738,-0.13453423007576992,predicted,
20170425_G48,2384.600730540344,2384.600730540344,,1515.0109915726612,1515.0109915726612,,9.82253333333333,54.5849166666667,685.3436006284551,5.98,175.97656000781697,218.471264367816,221.323529411765,123,252.380952380952,616,244.725888324873,12.26,85.3,-0.31134523225420346,-0.037057861374965695,predicted,
20170425_G49,1958.633653253135,1958.633653253135,,1198.7608426528113,1198.7608426528113,,9.8953,54.6192166666667,730.9138082200001,3.35,435.58578067278825,246.2,227.666666666667,50,317.421052631579,188,286.52380952381,14.33,87.7,-0.32031112895533115,-0.04062166010471349,predicted,
20170425_G5,4319.808145263751,4319.808145263751,,3072.148677685166,3072.148677685166,,9.56625,54.5047166666667,846.2804624800001,2.8,317.8730365938487,129.489795918367,138.463235294118,2622,169.154385964912,2300,131.494117647059,23.74,71.2,-0.287223890324891,0.06734191590643362,predicted,
20170425_G50,2152.6985337967335,2152.6985337967335,,1341.3744987653276,1341.3744987653276,,9.93203333333333,54.6261833333333,554.7115517623814,7.44,207.20117362598447,219.769230769231,241.272727272727,32,262.666666666667,285,285.968,10.8,95.3,-0.33256924704258733,-0.10995878702187215,predicted,
20170425_G51,525.7820576675056,525.7820576675056,,250.7155735707981,250.7155735707981,,9.93625,54.63065,1148.9224560000002,6.96,109.36202964904855,230.857142857143,199.055555555556,34,253.290322580645,280,268.931034482759,89.68,43.4,0.11945655956281598,0.12210786960812803,predicted,
20170425_G52,1186.6178787615092,1186.6178787615092,,660.3614468311198,660.3614468311198,,9.93963333333333,54.6353666666667,901.49826958,6.94,164.23485487558685,231.939393939394,240.909090909091,69,282.72972972973,369,287.744,30.08,68.6,-0.2599503508502988,0.12643717651018255,predicted,
20170425_G53,316.01771995624216,316.01771995624216,,136.8117134645161,136.8117134645161,,9.9387,54.6360166666667,1304.8224241719,9.77,220.81396909011517,231.727272727273,233.333333333333,58,274.888888888889,299,288.109090909091,229.80312799074977,24.163383276309276,0.32142232962357753,0.04041499999999999,predicted,
20170425_G54,536.1735409932718,536.1735409932718,,256.6221598739018,256.6221598739018,,9.93601666666667,54.63875,976.0624901266611,9.45,348.7324442648335,249.809523809524,288.428571428571,18,307.611111111111,176,286.8,94.0167452995972,61.26947064033172,-0.053096694126455735,0.009474999999999997,predicted,
20170425_G55,396.1664394980569,396.1664394980569,,179.02821550436843,179.02821550436843,,9.93608333333333,54.64595,1429.885549,11.36,111.57941925480537,239.304347826087,242.083333333333,45,289.655172413793,272,274.742857142857,242.1,12.9,0.48830323459554553,0.048439353431925444,predicted,
20170425_G56,407.4164999161814,407.4164999161814,,185.09324041899623,185.09324041899623,,9.93743333333333,54.6546333333333,1334.24981714,5.64,83.50402067015985,237.571428571429,265.0,21,298.0625,199,284.418367346939,256.7,22.5,0.39691852925282345,-0.06247224678261806,predicted,
20170425_G6,958.220689157167,958.220689157167,,512.052298695792,512.052298695792,,9.57013333333333,54.50635,1550.00668,2.18,441.21195757533513,124.544401544402,135.568181818182,1917,169.685714285714,2198,141.385496183206,400.8,0.0,0.6435326376912124,-0.28288878858641053,predicted,
20170425_G7,1888.1288226863478,1888.1288226863478,,1147.5960376860396,1147.5960376860396,,9.57365,54.50505,1043.0350444800001,3.56,314.5329002061509,125.909090909091,133.830065359477,2155,171.231012658228,2656,138.673139158576,65.95,48.5,-0.12736775080236482,0.28999286841987554,predicted,
20170425_G8,2082.710025816742,2082.710025816742,,1289.647948763025,1289.647948763025,,9.57788333333333,54.5033333333333,904.3686199,2.96,274.7315131114237,125.81654676259,142.231481481482,1522,180.080568720379,2794,147.609442060086,49.29,58.2,-0.2331545909648953,0.16787528906633126,predicted,
20170425_G9,6737.574482386957,6737.574482386957,,5213.389524453927,5213.389524453927,,9.58163333333333,54.50585,692.4524868400001,3.72,415.9600637176194,125.711656441718,128.07027027027,3209,165.440579710145,3611,135.293413173653,13.13,87.3,-0.32160705747112134,-0.0451727351814562,predicted,
20170426_G57,434.21081698910825,434.21081698910825,,199.6654107156124,199.6654107156124,,9.94023333333333,54.6695833333333,1123.9667345999999,13.67,129.54988266889492,271.6,284.2,41,293.928571428571,183,304.869565217391,79.88,45.1,0.10788342944792369,0.08351070264347636,predicted,
20170426_G58,391.71253762638736,391.71253762638736,,176.63603805549215,176.63603805549215,,9.9433,54.6719666666667,1222.2595701871428,8.72,170.14481895963397,265.0,281.6,40,283.466666666667,164,291.338028169014,195.70252713801534,33.48198982086426,0.22736780451185007,0.036079999999999994,predicted,
20170426_G59,421.35327569187507,421.35327569187507,,192.65082485342302,192.65082485342302,,9.94625,54.6739666666667,1085.0027055601245,5.42,138.73783288664063,268.8125,229.583333333333,50,284.090909090909,197,295.482352941177,139.01188081166762,48.97373526409433,0.0710065766986464,0.024599999999999993,predicted,
20170426_G60,451.7959958366011,451.7959958366011,,209.32305147008043,209.32305147008043,,9.94981666666667,54.6765833333333,1204.9108335,9.51,195.1553473484054,239.9375,224.25,29,233.785714285714,182,283.029850746269,111.5,37.5,0.18628973924126394,0.05557145534613317,predicted,
20170426_G61,1469.207751979216,1469.207751979216,,851.4560211566379,851.4560211566379,,9.96498333333333,54.6767333333333,841.6956552400001,12.49,174.21777065714548,246.529411764706,253.166666666667,44,309.52380952381,262,291.566666666667,19.65,77.5,-0.27547505058878774,0.06834902854349749,predicted,
20170426_G62,350.0028418446957,350.0028418446957,,154.49092414616356,154.49092414616356,,9.97425,54.6778,1386.21117554,7.67,407.8468130779258,245.705882352941,259.375,27,273.153846153846,181,299.012987012987,134.4,17.4,0.20765407079534412,0.4296986373326804,predicted,
20170426_G63,282.36015311458294,282.36015311458294,,119.65545762186674,119.65545762186674,,9.9763,54.67775,1388.9770074715977,5.88,409.2699801893883,246.0,253.4,24,267.333333333333,186,306.792207792208,264.56115434920144,14.665123310203423,0.4172901319852751,0.043539999999999995,predicted,
20170426_G64,322.97759379804165,322.97759379804165,,140.40414576896552,140.40414576896552,,9.97823333333333,54.6776833333333,1447.2333189,6.64,433.2423515168803,259.428571428571,259.428571428571,21,266.461538461538,172,302.742424242424,147.0,11.2,0.2910790258671233,0.4226777069332036,predicted,
20170426_G65,435.9671712514937,435.9671712514937,,200.6267014970855,200.6267014970855,,9.98455,54.67795,1419.3172106400002,3.37,633.2506378207449,263.466666666667,212.4,12,218.888888888889,84,289.282608695652,122.9,14.8,0.22318356566420938,0.45506993215742386,predicted,
20170426_G66,303.08948221060496,303.08948221060496,,130.1786107402254,130.1786107402254,,9.99106666666667,54.6771,1504.5300097999998,5.03,567.6016279313168,247.357142857143,261.4,9,267.555555555556,129,293.692307692308,237.0,5.4,0.5651068087550257,0.041749759629905674,predicted,
20170426_G67,303.08659652644803,303.08659652644803,,130.17713608282725,130.17713608282725,,9.99803333333333,54.6772,1473.675472,4.01,390.42438649298845,255.75,259.857142857143,15,265.75,92,287.237288135593,193.8,9.1,0.4624091387173769,0.20874449246867802,predicted,
20170426_G69,280.93874374022454,280.93874374022454,,118.93912548464587,118.93912548464587,,10.0108166666667,54.6764166666667,1531.2381046,5.12,244.1565692852206,226.0,195.25,5,203.714285714286,55,275.390243902439,237.7,2.8,0.5640806496062972,0.033199894062497126,predicted,
20170426_G70,175.4369273917181,175.4369273917181,,67.92377223621011,67.92377223621011,,10.01845,54.6755666666667,1550.54836,4.46,339.5297316633438,272.7,306.25,7,326.666666666667,44,298.818181818182,370.0,0.0,0.5921796297028611,-0.3402403304437203,predicted,
20170426_G71,237.33531325670353,237.33531325670353,,97.31342422692659,97.31342422692659,,10.01915,54.6754333333333,1551.1422625,4.77,380.2523891812114,290.444444444444,306.25,7,327.0,48,303.454545454545,436.6,0.2,0.5856845735816664,-0.3831645907066598,predicted,
20170426_G72,392.18600190427634,392.18600190427634,,176.89009017471957,176.89009017471957,,10.0200166666667,54.6756166666667,1201.93861118,3.52,439.0961619959469,294.75,306.25,8,334.125,47,298.633333333333,161.5,36.1,0.24616543443418049,0.04552188959838125,predicted,
20170426_G73,253.91025399989294,253.91025399989294,,105.45208373561849,105.45208373561849,,10.0257833333333,54.67465,1473.9045729200002,4.52,286.37170381510526,285.888888888889,366.5,3,342.333333333333,42,313.939393939394,227.0,6.2,0.5717477957015853,0.0779273365209089,predicted,
20170426_G74,230.20554440025967,230.20554440025967,,93.8451797455698,93.8451797455698,,10.027,54.6739833333333,1477.7194356,6.86,182.41122849977629,297.0,294.75,6,338.2,52,312.282051282051,691.8,8.4,0.3933597506682519,-0.24959036443329355,predicted,
20170426_G76,380.8503881465406,380.8503881465406,,170.82373153187956,170.82373153187956,,10.03215,54.67275,1503.99768446,6.31,66.4217006464238,281.333333333333,144.0,5,235.666666666667,58,294.953488372093,232.0,5.7,0.567513264634199,0.08456010026242583,predicted,
20170427_G79,351.1551170813231,351.1551170813231,,155.0962610318936,155.0962610318936,,9.9767,54.67655,1263.99355156,3.69,284.972653238732,246.066666666667,247.0,30,284.176470588235,197,279.775,98.43,31.1,0.0426998660882967,0.40342042233928077,predicted,
20170427_G80,406.94431737618584,406.94431737618584,,184.83803608240964,184.83803608240964,,9.9837,54.6749833333333,1431.66595286,2.01,408.43829340731247,221.941176470588,217.142857142857,26,227.5,166,286.397260273973,145.0,13.1,0.26997905600765054,0.4187086507716285,predicted,
20170427_G81,380.3491470297936,380.3491470297936,,170.5562707007148,170.5562707007148,,9.99175,54.6723833333333,1195.31465776,2.57,298.1386026038953,232.538461538462,254.285714285714,23,291.4375,251,280.231578947368,76.94,39.1,-0.046352525967179155,0.36118030289089387,predicted,
20170427_G82,298.17205699445935,298.17205699445935,,127.66956634914138,127.66956634914138,,9.99231666666667,54.6765666666667,1529.85519616,3.2,606.8468255653471,242.615384615385,269.4,12,266.923076923077,140,293.986111111111,257.4,2.9,0.6123877439860324,0.01863719540233337,predicted,
20170427_G83,315.11370363866934,315.11370363866934,,136.34618732341423,136.34618732341423,,9.9916,54.6795166666667,1356.66126236,3.8,299.5943907861109,256.333333333333,249.8,10,267.0,70,330.888888888889,133.4,20.2,0.25745592492265584,0.3604614437365066,predicted,
20170427_G84,270.2164134037398,270.2164134037398,,113.55786717720166,113.55786717720166,,9.99008333333333,54.6795166666667,1199.75512802,3.07,329.2300873514695,264.333333333333,255.8,11,270.111111111111,66,326.515151515152,82.66,38.5,0.008762117075534372,0.3501548995137511,predicted,
20170427_G86,326.92541121711616,326.92541121711616,,142.44842581645833,142.44842581645833,,9.9836,54.6829333333333,1423.54479424,1.71,269.6577443622276,298.666666666667,337.333333333333,6,319.0,49,311.285714285714,158.4,13.6,0.32554787896681747,0.3544352243830978,predicted,
20170427_G87,1225.3985198680798,1225.3985198680798,,686.1183097876186,686.1183097876186,,9.98481666666667,54.68405,824.3414977545945,2.76,205.12225568784802,283.5,352.0,5,321.666666666667,35,304.235294117647,31.352038931576146,78.39373614507964,-0.22593526738688702,-0.027030000000000005,predicted,
20170427_G88,660.0955000480499,660.0955000480499,,328.6508454509569,328.6508454509569,,9.98543333333333,54.6888833333333,905.85571546,2.34,387.56244148374356,489.0,489.0,0,285.0,20,376.5,42.28,70.9,-0.22131534579374562,0.13246850493485976,predicted,
20170427_G89,232.47863254216935,232.47863254216935,,94.94873001622655,94.94873001622655,,9.98783333333333,54.6899333333333,1171.43965538,2.36,405.8783229881856,489.0,489.0,0,489.0,21,367.111111111111,74.29,40.4,-0.052052616541358954,0.3570474993693124,predicted,
20170427_G90,648.5586136850861,648.5586136850861,,321.82798955386124,321.82798955386124,,9.98811666666667,54.69025,929.3954104000002,2.41,412.65139940882943,489.0,489.0,0,489.0,21,367.0,41.44,67.2,-0.20968732440126345,0.15998146619467868,predicted,
20170427_G91,449.703587057518,449.703587057518,,208.1701186056605,208.1701186056605,,9.98855,54.6875166666667,953.57518028,2.48,149.87620517885432,489.0,489.0,0,277.0,36,371.875,43.69,64.6,-0.20159348194879376,0.17172355081856977,predicted,
20170427_G92,1159.3885222232586,1159.3885222232586,,642.371517902993,642.371517902993,,9.975,54.6805666666667,816.58620696,2.93,164.06328464316346,278.583333333333,301.6,12,286.125,81,322.794871794872,24.08,80.2,-0.26374123363142776,0.04705584823948657,predicted,
S32,4698.0,486.24522550560454,4698.0,11065.0,228.4478692734136,11065.0,9.98658333333333,54.68735,999.650613,2.1,206.61940735384053,434.0,489.0,0,295.0,33,378.875,49.46,61.0,0.19078334857972484,-0.17799592060423394,observed,True
S05,52.0,1442.6081952469242,52.0,56.0,833.1465048950173,56.0,9.62658333333333,54.5299,1514.36866736,1.4,36.98294966944822,49.6297968397291,33.0739030023095,927,54.9776315789474,3283,69.0796568627451,291.5,5.0,-0.5452275853508024,0.09236169639085534,observed,True
